price,property_tax,insurance,beds,baths,sqft,lot_size,basement,property_type,popular,recession,property_age
295850,234,81,1,1,584,0,0,Condo,0,1,0
216500,169,51,1,1,612,0,1,Condo,0,0,41
279900,216,74,1,1,615,0,0,Condo,0,1,49
379900,265,92,1,1,618,33541,0,Condo,0,0,5
340000,88,30,1,1,634,0,0,Condo,0,0,10
265000,168,58,1,1,641,0,0,Condo,0,0,57
240000,176,61,1,1,642,0,0,Bunglow,0,1,67
388100,266,92,1,1,650,33541,0,Condo,0,0,5
240000,188,65,1,1,660,0,0,Condo,0,1,30
250000,147,51,1,1,664,0,0,Condo,0,0,42
335000,248,86,1,1,669,0,0,Condo,0,0,9
376750,262,90,1,1,673,46609,0,Condo,0,0,1
210000,147,44,1,1,680,0,1,Condo,0,0,43
289900,195,68,1,1,685,48787,0,Condo,0,0,45
535000,421,146,1,1,687,0,0,Condo,0,0,6
218000,188,57,1,1,689,0,1,Condo,0,0,21
400000,276,96,1,1,689,0,0,Condo,0,0,8
226000,221,67,1,1,690,0,1,Condo,0,0,11
363700,302,104,1,1,692,0,0,Condo,0,0,0
215000,120,42,1,1,698,0,0,Condo,0,0,42
327000,256,88,1,1,698,9686,0,Condo,0,1,5
331100,251,87,1,1,700,9686,0,Condo,0,1,7
240000,139,42,1,1,703,0,1,Condo,0,0,13
320000,261,79,1,1,704,0,1,Condo,0,0,2
290800,257,78,1,1,704,0,1,Condo,0,0,0
375000,244,85,1,1,705,0,0,Condo,0,0,20
377000,316,109,1,1,709,111513,0,Condo,0,0,3
262500,201,69,1,1,711,0,0,Condo,0,0,70
216250,187,64,1,1,712,0,0,Bunglow,0,0,60
270000,218,66,1,1,722,0,1,Condo,0,0,20
235000,278,85,1,1,723,0,1,Condo,0,0,4
225000,118,41,1,1,724,0,0,Condo,0,0,51
370000,306,106,1,1,725,0,0,Condo,0,1,5
232000,243,74,1,1,736,0,1,Condo,0,0,10
281900,229,69,1,1,737,0,1,Condo,0,0,5
355000,298,103,1,1,740,0,0,Condo,0,0,6
350000,291,101,1,1,741,0,0,Condo,0,0,3
231900,118,41,1,1,750,0,0,Condo,0,0,41
284000,258,78,1,1,755,0,1,Condo,0,1,16
255000,190,66,1,1,759,0,0,Condo,0,1,53
285850,266,81,1,1,759,0,1,Condo,0,0,0
249298,251,76,1,1,759,0,1,Condo,0,1,0
380000,291,101,1,1,760,0,0,Condo,0,1,20
244800,190,66,1,1,767,0,0,Condo,0,1,67
397400,345,119,1,1,771,111513,0,Condo,0,0,0
345000,284,98,1,1,781,0,0,Condo,0,0,1
220000,221,67,1,1,792,0,1,Condo,0,0,22
279000,286,87,1,1,796,0,1,Condo,0,0,28
286900,184,56,1,1,797,0,1,Condo,0,0,1
220000,184,56,1,1,800,0,1,Condo,0,0,30
305000,150,49,1,1,805,0,0,Condo,0,0,64
409575,302,104,1,1,805,46609,0,Condo,0,0,1
300367,261,79,1,1,805,0,1,Condo,0,0,0
230000,172,60,1,1,809,0,0,Condo,0,0,42
270000,190,58,1,1,810,0,1,Condo,0,0,30
210000,143,49,1,1,811,0,0,Condo,0,1,42
366700,274,83,1,1,817,0,1,Condo,0,0,2
238600,185,61,1,1,834,0,0,Condo,0,1,21
284900,249,76,1,1,838,0,1,Condo,0,0,1
253000,146,48,1,1,850,0,0,Condo,0,0,31
305000,200,61,1,1,850,0,1,Condo,0,0,22
280000,180,55,1,1,850,0,1,Condo,0,0,19
411000,298,103,1,1,855,0,0,Condo,0,0,1
270900,167,58,1,1,856,0,0,Condo,0,0,0
406250,316,109,1,1,859,0,0,Condo,0,0,6
365000,277,96,1,1,866,0,0,Condo,0,0,26
440000,367,127,1,1,879,0,0,Condo,0,0,1
250000,125,43,1,1,880,0,0,Bunglow,0,0,40
350100,294,89,1,1,900,18730,1,Bunglow,0,0,59
250000,198,68,1,1,900,0,0,Condo,0,1,46
305000,258,78,1,1,902,0,1,Condo,0,0,27
200000,180,54,1,1,914,0,1,Condo,0,0,25
371500,319,97,1,1,917,0,1,Condo,0,1,6
270000,168,51,1,1,920,0,1,Condo,0,0,27
318000,230,79,1,1,926,0,0,Condo,0,0,35
408400,310,94,1,1,933,0,1,Bunglow,0,0,0
325000,180,54,1,1,934,0,1,Condo,0,0,12
239000,184,56,1,1,945,0,1,Condo,0,0,23
367500,345,119,1,1,950,0,0,Condo,0,0,20
378000,280,97,1,1,961,0,0,Condo,0,1,7
269000,241,73,1,1,966,0,1,Condo,0,0,10
245000,163,49,1,1,999,0,1,Condo,0,0,28
225000,184,56,1,1,1005,0,1,Condo,0,0,32
302000,284,86,1,1,1014,0,1,Condo,0,1,26
387900,310,94,1,1,1050,0,1,Condo,0,0,0
560000,489,169,1,1,1092,0,0,Condo,0,0,23
750000,666,231,1,1,1322,0,0,Condo,0,1,3
299700,321,93,1,2,814,96703,0,Condo,0,1,4
779900,612,212,1,2,1207,0,0,Condo,0,0,2
379000,258,89,1,2,1489,0,0,Condo,0,0,67
225000,192,58,2,1,768,0,1,Condo,0,0,56
230000,196,59,2,1,793,0,1,Condo,0,0,54
328000,219,76,2,1,800,0,0,Condo,0,0,55
407800,309,107,2,1,803,33541,0,Condo,0,0,5
470630,313,108,2,1,814,9686,0,Condo,0,0,1
270000,340,103,2,1,816,3846,1,Bunglow,0,0,66
359500,282,93,2,1,835,0,0,Condo,0,0,55
355000,265,92,2,1,836,0,0,Condo,0,1,18
283000,182,63,2,1,845,0,0,Condo,0,0,64
378000,319,106,2,1,864,1296,1,Condo,0,0,73
255000,242,62,2,1,870,1306,0,Condo,0,0,23
306000,228,79,2,1,875,0,0,Condo,0,1,62
369900,294,89,2,1,891,0,1,Condo,0,0,2
326000,303,92,2,1,893,0,1,Condo,0,1,8
350000,240,79,2,1,900,0,0,Condo,0,0,64
350000,240,79,2,1,900,0,0,Bunglow,0,0,64
396875,250,87,2,1,912,48787,0,Condo,0,0,45
374900,266,92,2,1,912,0,0,Condo,0,0,22
232150,240,80,2,1,920,0,0,Condo,0,0,62
327000,235,81,2,1,924,0,0,Condo,0,0,47
455900,345,119,2,1,928,0,0,Condo,0,1,0
290000,244,84,2,1,930,0,0,Condo,0,0,23
301000,204,62,2,1,930,1135,1,Condo,0,0,19
275000,233,71,2,1,930,1059,1,Condo,0,0,16
531000,414,143,2,1,931,0,0,Condo,0,1,5
405000,457,139,2,1,945,14374,1,Bunglow,0,1,57
336000,276,91,2,1,950,0,0,Condo,0,0,73
214000,202,61,2,1,952,0,1,Condo,0,1,46
327500,234,77,2,1,958,0,0,Condo,0,1,69
251489,176,49,2,1,959,4918,0,Bunglow,0,1,80
238900,195,59,2,1,960,0,1,Condo,0,1,50
297000,262,91,2,1,960,0,1,Condo,0,0,43
235000,204,62,2,1,960,800,1,Bunglow,0,0,29
210000,216,66,2,1,960,1820,1,Condo,0,1,23
215000,147,51,2,1,966,0,0,Condo,0,1,52
285000,258,78,2,1,966,0,1,Condo,0,1,19
239900,200,61,2,1,976,1120,1,Condo,0,0,35
375500,298,103,2,1,983,0,0,Condo,0,1,29
415000,336,116,2,1,993,0,0,Bunglow,0,0,22
230581,164,42,2,1,996,0,0,Condo,0,0,20
400000,254,77,2,1,1008,1995,1,Condo,0,0,19
420000,295,98,2,1,1010,0,0,Condo,0,0,51
292000,149,51,2,1,1011,0,0,Condo,0,0,47
200000,353,117,2,1,1015,1615,1,Bunglow,0,0,73
226000,201,69,2,1,1021,0,0,Condo,0,1,49
220000,228,75,2,1,1024,0,0,Condo,0,1,1
280000,208,72,2,1,1032,0,0,Bunglow,0,0,51
299900,154,47,2,1,1032,0,1,Condo,0,0,42
204000,201,69,2,1,1044,0,0,Condo,0,0,54
350000,267,92,2,1,1062,0,0,Condo,0,0,24
228000,184,56,2,1,1070,0,1,Bunglow,0,0,42
300000,179,54,2,1,1073,0,1,Condo,0,0,33
280000,190,66,2,1,1083,0,0,Condo,0,0,49
305500,303,105,2,1,1100,0,0,Condo,0,0,48
348500,252,87,2,1,1103,0,0,Condo,0,0,65
210000,220,67,2,1,1177,0,1,Condo,0,0,26
250000,143,49,2,1,1179,0,0,Condo,0,0,42
229000,198,56,2,1,1185,15681,1,Bunglow,0,0,49
300000,255,84,2,1,1188,3001,1,Bunglow,0,0,55
220000,188,57,2,1,1194,0,1,Condo,0,0,35
275000,231,70,2,1,1197,1306,1,Condo,0,1,41
312000,295,89,2,1,1200,0,1,Condo,0,1,62
265000,261,67,2,1,1240,3484,1,Condo,0,1,26
265000,261,67,2,1,1240,3484,1,Bunglow,0,1,26
231525,225,68,2,1,1242,0,1,Condo,0,1,28
239900,217,66,2,1,1250,0,1,Condo,0,0,24
305000,233,71,2,1,1288,0,1,Condo,0,0,25
337600,259,86,2,1,1296,3001,1,Bunglow,0,0,51
248000,475,158,2,1,1344,1102,0,Bunglow,0,0,114
336900,217,66,2,1,1346,0,1,Condo,0,0,21
225000,515,171,2,1,1350,1245,0,Condo,0,0,46
585000,446,155,2,1,1360,0,0,Condo,0,1,30
205000,242,68,2,1,1526,2478,1,Bunglow,0,1,8
330000,372,123,2,2,832,1136,1,Condo,1,0,66
250000,375,124,2,2,864,1633,1,Condo,1,0,66
200000,378,131,2,2,877,0,0,Condo,1,1,12
286499,195,59,2,2,886,0,1,Condo,1,0,24
237500,198,60,2,2,886,0,1,Condo,1,0,32
261000,307,93,2,2,896,3598,1,Condo,1,0,58
277000,269,82,2,2,899,0,1,Condo,1,0,9
425000,468,162,2,2,910,6023,1,Bunglow,1,0,58
385000,265,92,2,2,915,183387,0,Condo,1,0,1
275000,286,87,2,2,930,1625,1,Condo,1,0,25
275000,184,56,2,2,933,0,1,Condo,1,0,15
201953,150,38,2,2,940,0,1,Condo,1,0,30
307500,155,47,2,2,940,0,1,Condo,1,0,17
551400,445,154,2,2,949,0,0,Condo,1,0,0
435000,371,128,2,2,950,46609,0,Condo,1,1,5
230000,209,63,2,2,951,0,1,Condo,1,1,24
367000,331,115,2,2,951,0,0,Condo,1,0,9
509500,381,132,2,2,954,0,0,Condo,1,0,4
275000,229,69,2,2,959,0,1,Condo,1,0,1
279537,278,85,2,2,969,0,1,Bunglow,1,0,14
499900,360,124,2,2,970,33541,0,Condo,1,0,5
315000,295,90,2,2,980,1206,1,Bunglow,1,1,23
299900,274,83,2,2,980,1104,1,Condo,1,1,21
320000,278,85,2,2,984,3598,1,Condo,1,0,67
279000,180,54,2,2,986,0,1,Condo,1,0,34
386500,316,109,2,2,992,0,1,Condo,1,1,67
270000,204,62,2,2,998,0,1,Condo,1,0,16
440000,347,120,2,2,1000,0,0,Bunglow,1,1,71
475000,378,131,2,2,1000,0,0,Condo,1,0,15
278000,282,86,2,2,1002,0,1,Condo,1,0,2
443000,378,131,2,2,1005,0,0,Condo,1,1,24
290000,245,74,2,2,1012,0,1,Condo,1,1,18
458900,376,114,2,2,1025,0,1,Condo,1,0,0
615000,453,157,2,2,1027,0,0,Condo,1,0,7
225000,184,56,2,2,1038,0,1,Condo,1,0,17
525000,462,153,2,2,1040,1341,0,Bunglow,1,0,85
315000,196,59,2,2,1040,0,1,Condo,1,0,16
490000,367,127,2,2,1041,0,0,Bunglow,1,1,6
243000,172,59,2,2,1044,0,0,Condo,1,0,43
250000,204,62,2,2,1044,0,1,Condo,1,0,21
289500,253,77,2,2,1045,0,1,Condo,1,1,16
249950,158,55,2,2,1048,0,0,Condo,1,0,4
250000,245,74,2,2,1050,0,1,Condo,1,0,18
345000,245,74,2,2,1053,0,1,Condo,1,0,12
351500,284,98,2,2,1056,0,0,Condo,1,1,7
478089,303,92,2,2,1069,0,1,Condo,1,0,18
349181,204,62,2,2,1070,0,1,Condo,1,0,17
300000,301,92,2,2,1074,0,1,Condo,1,0,21
218000,191,58,2,2,1075,0,1,Condo,1,1,27
416900,373,113,2,2,1075,0,1,Condo,1,0,1
335000,277,84,2,2,1077,0,1,Condo,1,0,27
225000,241,73,2,2,1080,1951,1,Condo,1,1,26
316500,282,86,2,2,1082,0,1,Condo,1,1,17
535150,432,149,2,2,1084,0,0,Condo,1,0,0
405000,298,103,2,2,1086,0,0,Condo,1,0,11
620000,525,182,2,2,1088,0,0,Condo,1,0,1
545000,432,150,2,2,1095,0,0,Condo,1,0,20
342500,263,80,2,2,1098,1314,1,Condo,1,0,18
209000,188,57,2,2,1100,0,1,Condo,1,1,17
243000,204,62,2,2,1100,0,1,Condo,1,0,10
254000,245,74,2,2,1102,1307,1,Condo,1,1,26
240000,239,73,2,2,1104,0,1,Condo,1,0,6
265000,258,78,2,2,1107,0,1,Condo,1,1,22
240000,327,99,2,2,1108,0,1,Condo,1,0,17
250000,228,69,2,2,1112,0,1,Condo,1,1,36
534625,666,231,2,2,1112,0,1,Condo,1,0,0
313500,204,62,2,2,1120,0,1,Condo,1,0,9
469900,352,122,2,2,1123,0,0,Bunglow,1,0,8
610000,457,158,2,2,1128,0,0,Condo,1,1,7
285000,254,77,2,2,1130,0,1,Condo,1,0,24
296000,258,78,2,2,1130,0,1,Condo,1,1,21
293815,245,75,2,2,1130,0,1,Condo,1,1,17
290000,335,102,2,2,1132,0,1,Condo,1,0,37
278000,274,83,2,2,1134,1511,1,Condo,1,1,27
380000,266,92,2,2,1135,0,0,Condo,1,1,5
367500,288,100,2,2,1135,0,0,Bunglow,1,1,6
325000,327,99,2,2,1139,0,1,Condo,1,0,23
280000,327,99,2,2,1141,0,1,Condo,1,0,28
289900,245,74,2,2,1145,0,1,Condo,1,0,1
290000,265,81,2,2,1148,0,1,Condo,1,0,5
306755,319,97,2,2,1149,0,1,Condo,1,0,6
295000,241,73,2,2,1150,0,1,Condo,1,0,30
338000,230,79,2,2,1150,0,0,Condo,1,0,3
305000,268,81,2,2,1152,0,1,Condo,1,1,18
342900,234,81,2,2,1152,0,0,Condo,1,0,1
410000,352,122,2,2,1153,0,0,Condo,1,0,12
377400,307,93,2,2,1155,0,1,Condo,1,1,1
394000,375,114,2,2,1158,0,1,Condo,1,1,6
370000,368,112,2,2,1161,0,1,Condo,1,1,7
326979,223,77,2,2,1163,0,0,Condo,1,1,6
285000,200,61,2,2,1166,0,1,Condo,1,0,40
245000,213,64,2,2,1170,0,1,Condo,1,0,25
315000,237,72,2,2,1170,0,1,Bunglow,1,0,7
255000,249,76,2,2,1170,0,1,Condo,1,1,12
221500,481,159,2,2,1178,0,0,Condo,1,0,14
275250,270,82,2,2,1181,0,1,Condo,1,0,0
335000,233,71,2,2,1184,1167,1,Condo,1,0,17
535000,453,157,2,2,1184,0,0,Condo,1,1,6
209480,302,92,2,2,1188,0,1,Condo,1,0,0
230000,252,64,2,2,1193,0,0,Condo,1,0,8
245000,254,77,2,2,1195,0,1,Condo,1,1,30
254900,290,74,2,2,1195,0,1,Condo,1,0,3
400000,453,157,2,2,1200,5000,1,Bunglow,1,1,72
550000,503,167,2,2,1200,2744,1,Bunglow,1,1,73
399500,322,107,2,2,1200,0,1,Condo,1,1,58
242000,258,78,2,2,1200,1420,1,Condo,1,1,25
236511,276,71,2,2,1200,0,1,Condo,1,0,3
385000,407,118,2,2,1201,96703,0,Condo,1,1,3
229500,288,99,2,2,1202,0,0,Condo,1,0,37
387000,379,115,2,2,1204,0,1,Condo,1,1,17
295000,218,66,2,2,1205,0,1,Condo,1,0,18
460000,356,123,2,2,1205,9686,0,Condo,1,1,5
450000,388,134,2,2,1206,0,0,Condo,1,0,21
346631,409,125,2,2,1215,0,1,Condo,1,0,2
380000,441,134,2,2,1217,0,1,Condo,1,1,6
279000,327,99,2,2,1218,0,1,Condo,1,0,2
250000,192,58,2,2,1220,0,1,Condo,1,0,10
203255,368,112,2,2,1224,1192,1,Condo,1,0,0
295990,254,77,2,2,1230,0,1,Condo,1,0,7
526275,445,154,2,2,1242,0,0,Condo,1,0,2
295000,348,106,2,2,1242,0,1,Bunglow,1,1,4
230000,201,61,2,2,1244,0,1,Condo,1,1,13
617000,540,187,2,2,1248,0,0,Condo,1,1,2
485000,439,152,2,2,1252,0,0,Condo,1,0,1
295000,193,54,2,2,1253,0,0,Condo,1,0,13
345000,245,74,2,2,1254,0,1,Condo,1,0,8
257000,270,82,2,2,1256,0,1,Condo,1,1,23
299000,262,80,2,2,1263,0,1,Condo,1,1,15
320000,269,82,2,2,1270,0,1,Condo,1,1,14
319990,299,91,2,2,1288,0,1,Condo,1,1,20
278000,262,79,2,2,1293,0,1,Condo,1,0,20
381000,236,82,2,2,1294,0,0,Condo,1,0,10
442000,409,142,2,2,1305,0,0,Condo,1,1,24
653000,540,187,2,2,1305,0,0,Condo,1,1,7
550000,479,159,2,2,1309,759,0,Bunglow,1,0,24
225000,261,79,2,2,1316,0,1,Condo,1,1,39
525000,414,143,2,2,1320,0,0,Condo,1,0,32
289000,270,82,2,2,1343,0,1,Condo,1,0,32
371000,368,112,2,2,1346,0,1,Condo,1,0,5
250000,245,69,2,2,1348,0,0,Condo,1,1,8
330000,274,83,2,2,1350,2326,1,Condo,1,1,20
318500,242,68,2,2,1356,0,1,Condo,1,0,7
267000,237,72,2,2,1360,0,1,Condo,1,1,43
250000,268,82,2,2,1360,1500,1,Condo,1,1,28
578324,460,159,2,2,1376,0,0,Condo,1,0,0
385000,311,108,2,2,1383,0,1,Condo,1,1,68
210835,347,120,2,2,1388,0,0,Condo,1,0,1
274500,242,73,2,2,1389,0,1,Condo,1,1,33
254900,220,67,2,2,1392,0,1,Condo,1,0,23
275000,450,149,2,2,1400,2945,1,Bunglow,1,1,66
290000,233,71,2,2,1413,0,1,Condo,1,0,24
505000,504,174,2,2,1420,0,0,Condo,1,0,16
299000,270,82,2,2,1439,0,1,Condo,1,1,31
271000,245,75,2,2,1470,0,1,Bunglow,1,1,26
490000,464,154,2,2,1471,0,0,Condo,1,0,12
325000,289,88,2,2,1474,2278,1,Condo,1,1,26
412000,389,118,2,2,1476,1335,1,Condo,1,1,12
329900,299,85,2,2,1477,3049,1,Bunglow,1,0,3
281975,240,47,2,2,1480,0,0,Condo,1,0,0
215000,233,71,2,2,1496,2387,1,Condo,1,1,41
589000,380,132,2,2,1516,0,0,Condo,1,0,24
405490,315,96,2,2,1522,0,1,Condo,1,0,9
475000,360,124,2,2,1526,0,0,Condo,1,0,23
375000,360,124,2,2,1530,0,0,Condo,1,0,27
455000,374,114,2,2,1530,0,1,Condo,1,0,6
429900,370,128,2,2,1623,0,1,Condo,1,0,33
465000,389,118,2,2,1638,1875,1,Condo,1,1,18
471850,319,97,2,2,1640,0,1,Condo,1,0,7
337980,578,176,2,2,1641,0,1,Condo,1,0,0
625000,525,174,2,2,1649,6390,0,Bunglow,1,0,67
462604,249,70,2,2,1684,0,0,Condo,1,0,0
395000,401,122,2,2,1750,2217,1,Condo,1,0,9
575000,632,184,2,2,1825,0,1,Condo,1,1,6
289000,308,87,2,2,1870,5601,1,Bunglow,1,1,10
740000,720,249,2,2,2100,0,0,Condo,1,0,28
540000,477,158,2,2,2310,3062,1,Bunglow,1,1,56
225000,442,135,2,2,2512,2783,1,Condo,1,0,4
601987,513,132,2,2,2690,3920,0,Condo,1,0,0
250000,286,73,2,3,1160,1742,1,Condo,0,1,18
330000,270,82,2,3,1200,1350,1,Condo,0,0,21
302000,282,86,2,3,1260,2280,1,Condo,0,1,26
557000,442,153,2,3,1296,0,1,Condo,0,0,16
408000,274,83,2,3,1314,1440,1,Condo,0,0,19
495000,500,166,2,3,1600,1165,1,Bunglow,0,0,89
416000,340,103,2,3,1667,0,1,Condo,0,0,18
538000,465,154,2,3,1820,784,1,Condo,0,0,28
335000,714,237,2,3,1853,1000,1,Condo,0,0,18
395000,393,119,2,3,1925,2219,1,Condo,0,0,9
299940,229,65,2,3,1942,0,1,Condo,0,0,0
300000,348,106,2,3,2067,1260,1,Condo,0,0,23
399500,322,107,2,3,2180,0,1,Condo,0,1,35
300000,327,99,2,4,1377,1200,1,Condo,0,0,29
370000,343,104,3,1,874,11325,1,Bunglow,0,0,94
200000,286,87,3,1,876,9047,1,Bunglow,0,0,65
455000,392,119,3,1,884,10001,1,Bunglow,0,0,53
285000,223,68,3,1,943,0,1,Condo,0,0,59
433150,286,87,3,1,948,7254,1,Bunglow,0,0,54
225000,329,65,3,1,1008,7274,0,Bunglow,0,0,59
297000,278,92,3,1,1024,1245,0,Condo,0,1,62
204000,247,63,3,1,1102,0,1,Condo,0,0,24
209400,258,78,3,1,1120,3994,1,Bunglow,0,1,36
306000,225,68,3,1,1140,1306,1,Condo,0,0,22
375000,340,103,3,1,1204,11325,1,Bunglow,0,0,59
397555,307,93,3,1,1210,1398,1,Condo,0,0,28
325000,336,102,3,1,1211,16117,1,Bunglow,0,1,57
375000,307,93,3,1,1220,1260,1,Condo,0,0,25
523000,225,68,3,1,1220,2325,1,Condo,0,0,29
274500,303,92,3,1,1224,3600,1,Condo,0,1,63
368000,395,120,3,1,1260,10267,1,Bunglow,0,0,64
330000,238,72,3,1,1280,1420,1,Condo,0,0,35
300000,274,83,3,1,1280,1375,1,Condo,0,1,26
275000,167,47,3,1,1280,1598,0,Condo,0,0,21
340000,274,83,3,1,1280,1398,1,Condo,0,0,20
497650,540,187,3,1,1286,8276,0,Bunglow,0,0,57
490000,548,167,3,1,1301,51400,1,Bunglow,0,0,66
295000,179,54,3,1,1302,0,1,Condo,0,0,33
650000,511,177,3,1,1309,7540,1,Bunglow,0,1,60
580000,526,174,3,1,1323,3674,1,Bunglow,0,1,90
330000,291,88,3,1,1368,1340,1,Bunglow,0,1,19
299990,241,73,3,1,1382,1995,1,Condo,0,0,22
389900,348,106,3,1,1404,11761,1,Bunglow,0,1,57
430000,404,123,3,1,1506,1746,1,Condo,0,0,23
482413,377,114,3,1,1520,1400,1,Bunglow,0,0,10
325000,299,84,3,1,1568,14810,0,Bunglow,0,0,51
500000,372,123,3,1,1618,12196,1,Bunglow,0,0,49
656500,522,181,3,1,1846,6255,1,Bunglow,0,0,53
296000,430,131,3,1,1860,1977,1,Bunglow,0,0,5
399000,351,107,3,1,1928,12632,1,Bunglow,0,0,60
200000,771,224,3,1,2175,9500,1,Bunglow,0,0,55
225870,471,143,3,1,2622,3010,1,Condo,0,0,0
359000,352,107,3,2,816,3600,1,Bunglow,0,1,64
349900,368,112,3,2,816,3484,1,Condo,0,0,58
255000,327,99,3,2,879,9999,1,Bunglow,0,0,59
255000,360,109,3,2,884,3140,1,Bunglow,0,1,48
232500,233,66,3,2,890,25264,1,Bunglow,0,0,53
405000,309,107,3,2,922,0,1,Condo,0,0,70
429900,344,104,3,2,966,5647,1,Bunglow,0,0,25
249600,184,52,3,2,969,1281,1,Condo,0,0,17
299000,336,102,3,2,972,21780,1,Bunglow,0,1,47
246700,245,74,3,2,997,1119,1,Condo,0,1,28
360000,351,107,3,2,1009,8925,1,Bunglow,0,1,53
349900,278,85,3,2,1036,3598,1,Condo,0,0,53
350000,308,94,3,2,1060,1341,1,Condo,0,0,31
339500,180,55,3,2,1064,0,1,Condo,0,0,18
320000,274,83,3,2,1084,0,1,Condo,0,0,38
299000,344,105,3,2,1092,10545,1,Bunglow,0,1,52
305000,319,97,3,2,1092,10724,1,Bunglow,0,0,50
325900,286,87,3,2,1100,915,1,Condo,0,1,28
310000,406,134,3,2,1102,2016,1,Condo,0,0,48
358000,323,98,3,2,1104,1050,1,Condo,0,1,23
200750,249,76,3,2,1131,0,1,Condo,0,0,31
257600,258,78,3,2,1144,1502,1,Condo,0,0,31
280000,310,80,3,2,1152,8712,0,Bunglow,0,1,50
258000,295,89,3,2,1178,1398,1,Condo,0,1,32
415000,368,112,3,2,1200,5227,1,Bunglow,0,0,65
339000,359,109,3,2,1200,8745,1,Bunglow,0,0,56
249000,368,112,3,2,1200,9069,1,Bunglow,0,0,48
500000,353,107,3,2,1208,11761,1,Bunglow,0,0,33
345000,397,121,3,2,1211,10781,1,Bunglow,0,1,58
280000,347,89,3,2,1214,2178,1,Condo,0,0,2
285000,278,84,3,2,1220,2448,1,Condo,0,0,26
439900,359,109,3,2,1220,2178,1,Condo,0,0,23
428000,364,111,3,2,1220,1519,1,Condo,0,0,30
417000,368,112,3,2,1220,1520,1,Condo,0,0,30
410000,327,99,3,2,1220,1981,1,Condo,0,0,21
525000,430,131,3,2,1224,7000,1,Bunglow,0,0,63
392000,341,118,3,2,1225,16117,1,Bunglow,0,1,59
252500,209,59,3,2,1228,2012,1,Condo,0,0,17
375000,254,77,3,2,1232,2639,1,Condo,0,0,32
375000,315,96,3,2,1232,1540,1,Condo,0,0,26
378000,335,102,3,2,1240,1306,1,Condo,0,0,27
485000,457,139,3,2,1254,10737,1,Bunglow,0,1,61
445900,349,121,3,2,1258,0,0,Condo,0,0,6
335000,376,114,3,2,1260,3598,1,Condo,0,0,61
271000,303,86,3,2,1260,27007,1,Bunglow,0,1,51
399900,409,124,3,2,1267,10519,1,Bunglow,0,1,56
275000,340,103,3,2,1276,11761,1,Bunglow,0,1,55
333000,311,94,3,2,1280,1999,1,Condo,0,0,29
324000,302,92,3,2,1280,1441,1,Condo,0,1,26
440000,399,121,3,2,1285,11761,1,Bunglow,0,1,50
575000,528,161,3,2,1287,14374,1,Bunglow,0,0,71
275000,269,82,3,2,1296,15681,1,Bunglow,0,0,46
425000,381,116,3,2,1304,8616,1,Bunglow,0,0,36
295000,245,74,3,2,1304,1446,1,Condo,0,0,25
319900,295,90,3,2,1320,1400,1,Condo,0,0,33
340000,295,89,3,2,1320,1400,1,Condo,0,1,40
258000,174,42,3,2,1320,1650,1,Condo,0,0,22
370000,242,68,3,2,1320,1599,1,Condo,0,0,9
700000,548,167,3,2,1325,7000,1,Bunglow,0,0,66
200000,211,64,3,2,1330,0,1,Condo,0,1,38
242990,232,65,3,2,1330,0,1,Condo,0,1,0
320000,344,104,3,2,1331,19166,1,Bunglow,0,0,46
319950,324,83,3,2,1332,2178,1,Condo,0,0,12
250000,258,78,3,2,1332,0,1,Bunglow,0,1,8
235000,237,61,3,2,1334,0,1,Condo,0,0,36
211500,184,56,3,2,1338,0,1,Condo,0,1,45
350000,389,118,3,2,1340,10497,1,Bunglow,0,0,40
209900,202,57,3,2,1342,2748,0,Condo,0,0,44
390000,344,105,3,2,1342,1540,1,Condo,0,1,28
416000,332,81,3,2,1344,12632,1,Bunglow,0,0,22
245000,251,71,3,2,1348,1599,1,Condo,0,1,23
236000,286,81,3,2,1348,1629,1,Condo,0,0,2
238500,327,99,3,2,1350,2757,1,Bunglow,0,1,33
440000,409,124,3,2,1352,22215,1,Bunglow,0,1,37
250000,278,85,3,2,1360,1498,1,Condo,0,1,28
239900,250,70,3,2,1360,1559,1,Condo,0,1,16
325000,245,75,3,2,1362,0,1,Condo,0,0,44
309900,378,97,3,2,1368,1742,1,Condo,0,1,8
293000,255,78,3,2,1370,2308,1,Condo,0,0,30
459000,359,109,3,2,1370,1778,1,Condo,0,0,13
297000,311,94,3,2,1374,1528,1,Condo,0,0,15
249000,359,109,3,2,1375,1499,1,Condo,0,0,7
455900,352,107,3,2,1380,1660,1,Bunglow,0,1,23
375490,278,84,3,2,1380,0,1,Condo,0,0,7
375000,388,134,3,2,1400,7013,0,Bunglow,0,1,75
271000,192,58,3,2,1400,0,1,Condo,0,0,33
350000,327,100,3,2,1400,1400,1,Condo,0,1,38
368253,310,79,3,2,1400,0,1,Condo,0,0,0
399000,434,132,3,2,1404,10001,1,Bunglow,0,0,58
290000,377,115,3,2,1404,9003,1,Bunglow,0,1,51
331000,193,55,3,2,1408,1542,1,Condo,0,0,39
300000,356,91,3,2,1408,1742,1,Condo,0,0,8
462330,458,139,3,2,1418,0,1,Condo,0,1,0
317500,336,102,3,2,1421,0,1,Condo,0,0,18
209900,286,81,3,2,1440,12632,1,Bunglow,0,0,52
299900,295,90,3,2,1440,1444,1,Condo,0,0,20
347644,318,97,3,2,1442,1743,1,Bunglow,0,0,42
279900,358,92,3,2,1444,9147,0,Bunglow,0,1,41
385000,277,96,3,2,1446,0,0,Condo,0,1,46
330000,244,74,3,2,1452,0,1,Condo,0,0,39
360000,299,91,3,2,1452,1760,1,Bunglow,0,0,33
455000,389,118,3,2,1452,1540,1,Condo,0,0,34
324000,325,99,3,2,1452,2535,1,Condo,0,0,23
350000,349,89,3,2,1452,1742,1,Condo,0,0,10
400000,348,106,3,2,1456,1500,1,Condo,0,0,21
262000,308,87,3,2,1459,52707,0,Bunglow,0,1,37
475000,467,142,3,2,1468,10175,1,Bunglow,0,0,61
420000,504,153,3,2,1475,9334,1,Bunglow,0,0,60
467000,450,137,3,2,1483,0,1,Condo,0,1,7
440000,307,93,3,2,1484,1825,1,Condo,0,0,19
309900,323,98,3,2,1496,2378,1,Condo,0,1,32
444000,295,90,3,2,1496,1542,1,Condo,0,0,24
345000,327,99,3,2,1501,1542,1,Condo,0,0,27
400000,368,112,3,2,1503,10254,1,Bunglow,0,1,60
223500,255,84,3,2,1506,0,0,Condo,0,0,28
341500,409,124,3,2,1508,9827,1,Bunglow,0,0,56
306000,251,83,3,2,1510,0,0,Condo,0,1,38
438950,385,117,3,2,1512,2613,1,Condo,0,0,29
340000,286,87,3,2,1514,0,1,Condo,0,0,11
260000,257,78,3,2,1518,0,1,Condo,0,1,19
415000,352,107,3,2,1522,1760,1,Condo,0,0,25
345000,317,96,3,2,1524,0,1,Condo,0,1,6
320000,360,109,3,2,1532,1812,1,Condo,0,0,36
399900,409,124,3,2,1534,10023,1,Bunglow,0,0,50
228000,269,69,3,2,1540,1742,0,Condo,0,1,38
239000,266,68,3,2,1540,1742,0,Condo,0,1,37
310000,307,87,3,2,1541,87991,1,Bunglow,0,1,35
415000,430,131,3,2,1544,1964,1,Condo,0,1,15
385000,359,109,3,2,1546,1600,1,Condo,0,0,16
325000,433,132,3,2,1548,16988,1,Bunglow,0,0,57
245000,635,184,3,2,1550,13939,1,Bunglow,0,0,63
324999,284,86,3,2,1554,3767,1,Condo,0,0,60
469335,524,159,3,2,1556,1742,1,Condo,0,0,18
607000,562,171,3,2,1560,20908,1,Bunglow,0,0,57
460000,397,121,3,2,1564,9282,1,Bunglow,0,0,28
381000,360,110,3,2,1574,0,1,Condo,0,0,20
305000,228,64,3,2,1575,1759,1,Condo,0,0,24
272500,438,133,3,2,1582,10890,1,Bunglow,0,0,44
395000,426,129,3,2,1586,13068,1,Bunglow,0,1,41
450000,397,102,3,2,1590,11325,1,Bunglow,0,0,20
300000,307,93,3,2,1593,0,1,Condo,0,0,18
243000,409,125,3,2,1594,1594,1,Condo,0,0,0
449835,344,104,3,2,1600,2561,1,Condo,0,0,14
214000,425,129,3,2,1600,1846,1,Condo,0,0,1
290889,294,83,3,2,1600,1720,1,Condo,0,1,0
212000,367,72,3,2,1614,7013,1,Bunglow,0,1,49
384900,259,73,3,2,1614,2688,1,Condo,0,0,13
428002,324,98,3,2,1620,0,1,Condo,0,0,0
540000,344,104,3,2,1621,1120,1,Condo,0,0,0
422000,377,114,3,2,1624,1057,1,Condo,0,1,9
218000,307,93,3,2,1625,1595,1,Condo,0,0,29
289990,286,73,3,2,1629,0,0,Condo,0,0,0
355000,373,96,3,2,1632,1742,1,Condo,0,0,16
499900,469,156,3,2,1636,2178,0,Condo,0,0,5
265000,368,94,3,2,1637,6969,0,Bunglow,0,0,21
365000,326,99,3,2,1638,0,1,Condo,0,1,26
209900,325,83,3,2,1640,1742,1,Condo,0,0,18
347903,319,97,3,2,1640,1400,1,Condo,0,0,0
297000,352,107,3,2,1650,10800,1,Bunglow,0,0,54
600000,520,158,3,2,1654,8102,1,Bunglow,0,0,67
450000,409,124,3,2,1661,1575,1,Bunglow,0,0,28
395000,340,103,3,2,1661,3057,1,Condo,0,0,26
232600,286,73,3,2,1662,2614,0,Condo,0,1,40
550000,541,165,3,2,1672,1734,1,Condo,0,0,24
255000,300,85,3,2,1672,1803,1,Condo,0,1,6
407200,327,99,3,2,1674,1842,1,Condo,0,0,12
485000,418,127,3,2,1682,9456,1,Bunglow,0,1,48
226000,300,77,3,2,1682,1742,1,Condo,0,0,18
395000,290,82,3,2,1682,1808,1,Condo,0,0,1
389990,286,81,3,2,1686,2047,1,Condo,0,0,0
489000,426,129,3,2,1691,13939,1,Bunglow,0,1,26
247640,434,132,3,2,1692,1598,1,Condo,0,0,0
525000,352,107,3,2,1695,0,1,Condo,0,0,24
525000,471,163,3,2,1696,5675,1,Bunglow,0,1,71
271900,290,88,3,2,1705,0,1,Condo,0,0,29
679370,594,181,3,2,1706,1173,1,Condo,0,1,0
360000,377,114,3,2,1708,1899,1,Condo,0,1,6
600000,630,218,3,2,1710,0,1,Condo,0,0,32
215570,400,122,3,2,1722,1977,1,Condo,0,0,23
450000,450,137,3,2,1725,2108,1,Condo,0,0,12
342500,319,97,3,2,1729,15681,1,Bunglow,0,1,48
566700,526,174,3,2,1734,5519,1,Bunglow,0,1,86
430000,404,123,3,2,1750,1746,1,Condo,0,0,23
319500,337,112,3,2,1752,1981,1,Condo,0,0,6
335655,299,85,3,2,1760,1790,1,Condo,0,0,1
539900,458,139,3,2,1768,2545,1,Condo,0,0,6
529600,392,119,3,2,1770,23086,1,Bunglow,0,0,47
446151,428,142,3,2,1778,1711,1,Bunglow,0,1,17
285810,305,78,3,2,1784,0,0,Condo,0,1,0
457091,337,117,3,2,1786,9270,0,Bunglow,0,1,66
429000,392,119,3,2,1787,2143,1,Condo,0,1,19
214900,334,94,3,2,1793,55756,1,Bunglow,0,0,16
203000,561,195,3,2,1800,6943,1,Bunglow,0,0,49
346000,327,99,3,2,1800,11325,1,Bunglow,0,0,39
630000,594,181,3,2,1806,20037,1,Bunglow,0,0,47
321610,378,107,3,2,1806,1372,1,Condo,0,0,0
399900,354,91,3,2,1810,2178,1,Condo,0,0,17
340000,360,71,3,2,1814,2570,1,Condo,0,0,8
349900,396,102,3,2,1823,41817,1,Bunglow,0,0,54
262000,343,83,3,2,1828,17424,1,Bunglow,0,1,26
365000,319,97,3,2,1833,2143,1,Condo,0,0,29
291000,290,82,3,2,1836,2278,1,Condo,0,1,7
300000,329,84,3,2,1840,2613,1,Condo,0,0,11
345000,327,99,3,2,1842,0,1,Condo,0,0,31
325000,329,84,3,2,1842,5227,1,Condo,0,0,13
290000,367,94,3,2,1848,4792,1,Bunglow,0,1,22
293000,303,92,3,2,1854,9565,1,Bunglow,0,0,49
247000,274,78,3,2,1857,2622,1,Condo,0,1,7
382921,471,143,3,2,1858,2242,1,Condo,0,0,0
643000,551,191,3,2,1862,5344,1,Bunglow,0,1,72
367139,313,80,3,2,1864,0,0,Condo,0,0,0
309000,392,119,3,2,1866,10654,1,Bunglow,0,0,55
446000,401,122,3,2,1875,1540,1,Condo,0,1,32
420000,434,132,3,2,1878,2178,1,Condo,0,0,12
370000,375,124,3,2,1884,1821,1,Bunglow,0,0,4
385000,586,195,3,2,1885,0,0,Condo,0,0,3
450000,390,129,3,2,1900,1140,1,Condo,0,1,12
279900,377,114,3,2,1910,1986,1,Condo,0,0,13
496876,402,103,3,2,1912,1742,1,Condo,0,0,0
339900,352,107,3,2,1918,3057,1,Condo,0,0,15
675000,553,168,3,2,1920,3049,1,Condo,0,0,13
471500,426,129,3,2,1934,1556,1,Condo,0,1,24
565000,464,161,3,2,1936,6098,1,Bunglow,0,0,62
400000,683,237,3,2,1940,14374,1,Bunglow,0,0,49
445000,411,125,3,2,1950,9465,1,Bunglow,0,0,65
526000,482,147,3,2,1984,2141,1,Condo,0,1,10
350000,336,102,3,2,1988,11325,1,Bunglow,0,0,58
474000,392,101,3,2,2008,3484,1,Condo,0,0,3
400000,426,129,3,2,2008,2040,1,Condo,0,0,3
667000,540,179,3,2,2014,6272,1,Bunglow,0,0,58
489000,611,212,3,2,2016,6098,0,Bunglow,0,0,28
400000,378,115,3,2,2017,2561,1,Condo,0,0,11
753000,647,224,3,2,2030,7000,1,Bunglow,0,0,60
548000,545,166,3,2,2036,2000,1,Bunglow,0,1,10
310000,352,100,3,2,2038,43995,0,Bunglow,0,1,36
303000,373,96,3,2,2038,2613,1,Condo,0,0,5
395000,277,78,3,2,2051,7326,1,Bunglow,0,0,22
482500,375,124,3,2,2062,1329,1,Condo,0,1,15
260000,339,87,3,2,2076,2178,1,Condo,0,0,6
270000,278,84,3,2,2079,0,1,Condo,0,0,35
545000,463,141,3,2,2084,12196,1,Bunglow,0,0,63
312000,474,164,3,2,2089,0,1,Condo,0,0,19
344000,296,84,3,2,2097,2966,1,Condo,0,0,1
450000,466,142,3,2,2100,10572,1,Bunglow,0,0,46
320000,300,77,3,2,2100,2178,1,Condo,0,0,14
422500,356,108,3,2,2102,7535,1,Bunglow,0,0,62
365000,413,137,3,2,2106,1950,1,Condo,0,0,21
352500,429,131,3,2,2112,10497,1,Bunglow,0,0,54
615000,537,163,3,2,2112,2953,1,Condo,0,1,13
451675,402,103,3,2,2121,2178,1,Condo,0,0,0
485000,406,134,3,2,2128,2542,1,Bunglow,0,0,23
369000,426,109,3,2,2130,3484,1,Condo,0,0,0
600000,647,224,3,2,2140,7405,0,Bunglow,0,0,18
599900,496,172,3,2,2146,7148,0,Bunglow,0,0,48
699000,515,171,3,2,2155,1781,1,Bunglow,0,0,10
279000,569,173,3,2,2172,2600,1,Condo,0,0,6
590000,554,192,3,2,2201,7448,1,Bunglow,0,0,53
327990,264,74,3,2,2204,2940,1,Condo,0,0,0
261885,237,67,3,2,2215,0,0,Condo,0,0,0
705000,575,191,3,2,2220,6098,1,Bunglow,0,1,56
284857,500,152,3,2,2236,1903,1,Condo,0,0,1
395000,321,91,3,2,2269,3232,1,Condo,0,0,18
304320,317,89,3,2,2296,1981,1,Condo,0,1,0
409900,422,108,3,2,2313,2613,1,Condo,0,0,2
261250,356,108,3,2,2320,21780,1,Bunglow,0,0,56
385000,303,92,3,2,2328,0,1,Condo,0,1,2
359000,299,91,3,2,2328,0,1,Condo,0,1,0
588000,465,154,3,2,2370,0,1,Condo,0,1,1
340000,370,104,3,2,2376,51400,1,Bunglow,0,1,31
250000,245,69,3,2,2384,0,0,Bunglow,0,0,0
646319,778,237,3,2,2392,1568,1,Condo,0,0,0
772890,688,209,3,2,2432,2340,1,Condo,0,1,1
505000,471,143,3,2,2437,1827,1,Condo,0,1,5
653931,467,142,3,2,2439,1271,1,Condo,0,0,0
305000,277,78,3,2,2464,2613,1,Condo,0,0,20
389000,312,88,3,2,2490,2609,1,Condo,0,0,2
333500,325,83,3,2,2499,0,0,Condo,0,1,4
297283,300,73,3,2,2500,0,0,Condo,0,1,0
535000,524,160,3,2,2526,2591,1,Condo,0,0,5
626934,520,158,3,2,2539,2979,1,Condo,0,0,0
311370,310,80,3,2,2552,0,0,Condo,0,0,0
332320,337,87,3,2,2552,0,0,Condo,0,1,0
395841,352,100,3,2,2564,2922,1,Condo,0,0,0
378672,320,82,3,2,2591,0,1,Condo,0,0,0
378672,320,82,3,2,2591,0,0,Bunglow,0,0,0
502000,573,174,3,2,2600,40510,1,Bunglow,0,0,20
452145,322,91,3,2,2611,5723,1,Condo,0,0,0
254400,606,156,3,2,2662,260488,1,Bunglow,0,0,24
699900,1008,350,3,2,2665,0,0,Condo,0,0,36
325344,289,82,3,2,2700,0,1,Condo,0,1,0
497500,871,302,3,2,2729,2966,1,Condo,0,0,9
392235,329,84,3,2,2766,0,0,Condo,0,0,0
280000,606,185,3,2,2796,3120,1,Condo,0,0,28
401195,317,89,3,2,2821,4578,1,Bunglow,0,0,0
465000,573,174,3,2,2872,13503,1,Bunglow,0,0,45
387500,1511,524,3,2,2875,0,0,Condo,0,0,13
760000,594,181,3,2,2900,3484,1,Condo,0,0,0
525000,471,143,3,2,2952,1920,1,Condo,0,0,5
462790,436,112,3,2,3040,3484,1,Condo,0,0,0
544000,647,197,3,2,3050,15245,1,Bunglow,0,0,46
376968,367,104,3,2,3102,3162,1,Condo,0,1,0
370000,352,100,3,2,3187,160736,1,Bunglow,0,0,28
425000,963,293,3,2,3194,23522,1,Bunglow,0,0,101
495900,509,131,3,2,3416,140263,1,Bunglow,0,0,21
519900,523,134,3,2,3477,8712,1,Bunglow,0,0,16
275000,363,93,3,3,500,2613,1,Condo,0,0,10
575000,516,157,3,3,962,10580,1,Bunglow,0,0,49
212000,303,92,3,3,1080,1995,1,Bunglow,0,0,14
342000,307,93,3,3,1116,937,1,Condo,0,0,4
619000,573,174,3,3,1137,38332,1,Bunglow,0,0,37
290000,360,110,3,3,1163,7200,1,Bunglow,0,0,65
370000,269,82,3,3,1170,1200,1,Condo,0,0,20
451000,393,119,3,3,1188,1568,1,Condo,0,0,26
385500,326,99,3,3,1220,1300,1,Condo,0,0,22
295000,344,105,3,3,1220,2269,1,Condo,0,1,23
235000,301,92,3,3,1226,1498,1,Condo,0,1,19
343000,295,89,3,3,1240,1400,1,Condo,0,0,10
355000,430,131,3,3,1247,10754,1,Bunglow,0,0,56
425000,245,75,3,3,1280,1589,1,Condo,0,0,34
335000,410,125,3,3,1280,1424,1,Condo,0,0,41
332271,307,93,3,3,1280,1500,1,Condo,0,0,31
332000,258,78,3,3,1280,1340,1,Condo,0,0,30
335000,326,99,3,3,1290,1585,1,Condo,0,1,32
320000,307,93,3,3,1294,1441,1,Condo,0,0,20
435000,299,91,3,3,1300,2178,1,Condo,0,0,19
205000,284,56,3,3,1300,0,0,Condo,0,0,9
375000,314,95,3,3,1320,1400,1,Condo,0,0,29
236500,306,93,3,3,1328,1542,1,Condo,0,0,22
622500,523,159,3,3,1360,1750,1,Condo,0,0,36
398000,122,37,3,3,1360,1520,1,Bunglow,0,0,30
530000,408,135,3,3,1360,1880,1,Bunglow,0,0,16
310000,336,102,3,3,1366,0,1,Condo,0,1,12
249000,298,91,3,3,1368,2356,1,Condo,0,0,21
295000,319,97,3,3,1392,1520,1,Condo,0,0,30
329900,314,81,3,3,1406,0,1,Condo,0,0,3
330000,340,103,3,3,1408,1868,1,Condo,0,1,36
300000,356,108,3,3,1408,1650,1,Condo,0,0,38
310000,344,105,3,3,1408,1542,1,Condo,0,0,25
323000,349,89,3,3,1408,2613,1,Condo,0,0,18
253000,244,69,3,3,1420,1599,1,Condo,0,1,22
517500,385,117,3,3,1428,1650,1,Condo,0,0,15
340000,302,92,3,3,1440,2442,1,Condo,0,0,22
313540,336,102,3,3,1450,1392,1,Condo,0,1,16
360000,360,109,3,3,1451,1759,1,Condo,0,0,16
315500,352,107,3,3,1452,1542,1,Condo,0,0,27
290000,315,96,3,3,1452,1542,1,Condo,0,1,34
365000,356,108,3,3,1452,1726,1,Condo,0,1,32
355000,307,93,3,3,1452,1650,1,Condo,0,1,29
311000,425,129,3,3,1456,22215,1,Bunglow,0,0,41
399900,368,112,3,3,1456,1501,1,Condo,0,0,26
408000,348,89,3,3,1456,1742,1,Condo,0,0,15
475000,348,106,3,3,1462,2178,1,Condo,0,0,18
415000,384,117,3,3,1474,1760,1,Condo,0,1,41
401000,479,146,3,3,1479,1700,1,Condo,0,1,32
275000,319,97,3,3,1480,9099,1,Bunglow,0,0,31
350000,352,107,3,3,1492,1308,1,Condo,0,0,6
365000,373,113,3,3,1496,1742,1,Condo,0,1,32
720000,576,199,3,3,1525,9276,1,Bunglow,0,0,56
234000,327,99,3,3,1532,1698,1,Condo,0,0,4
538430,523,159,3,3,1532,835,1,Condo,0,1,0
649900,539,187,3,3,1538,5999,1,Bunglow,0,1,65
410000,327,100,3,3,1540,1650,1,Condo,0,0,28
236000,311,94,3,3,1542,1977,1,Condo,0,1,25
445000,430,131,3,3,1552,2096,1,Condo,0,0,20
325000,315,96,3,3,1556,1650,1,Condo,0,1,19
387000,348,106,3,3,1568,2230,1,Condo,0,1,26
334000,299,91,3,3,1584,1742,1,Bunglow,0,0,21
391066,341,104,3,3,1584,2652,1,Condo,0,0,31
395000,352,107,3,3,1586,1793,1,Condo,0,0,10
273050,296,76,3,3,1588,0,0,Condo,0,1,0
524000,430,131,3,3,1600,1660,1,Condo,0,0,16
264900,300,77,3,3,1600,0,1,Condo,0,0,3
719981,655,199,3,3,1610,792,1,Condo,0,1,0
397000,360,110,3,3,1618,1672,1,Condo,0,1,8
612000,561,171,3,3,1628,1694,1,Condo,0,0,36
486990,479,146,3,3,1628,1424,1,Condo,0,1,1
785000,527,160,3,3,1640,8530,1,Bunglow,0,0,65
343000,327,100,3,3,1640,1834,1,Condo,0,0,12
420000,381,132,3,3,1646,0,0,Condo,0,0,13
284900,387,99,3,3,1649,6534,1,Bunglow,0,0,14
200000,266,81,3,3,1650,1799,1,Condo,0,0,46
450000,438,133,3,3,1652,1540,1,Condo,0,1,9
420000,358,109,3,3,1656,2574,1,Condo,0,0,35
353140,348,106,3,3,1656,2639,1,Condo,0,0,32
223932,422,128,3,3,1656,1980,1,Bunglow,0,0,0
267500,277,78,3,3,1658,2613,1,Condo,0,0,2
285000,270,82,3,3,1661,0,1,Condo,0,1,35
459990,345,114,3,3,1672,1445,1,Condo,0,0,28
241000,348,106,3,3,1674,0,1,Condo,0,0,14
248500,343,104,3,3,1678,1280,1,Condo,0,0,15
427000,336,102,3,3,1680,2100,1,Condo,0,0,9
411300,343,104,3,3,1680,2160,1,Condo,0,0,9
347000,344,105,3,3,1684,0,1,Condo,0,1,23
350000,282,86,3,3,1687,0,1,Condo,0,1,16
234000,286,81,3,3,1692,1498,1,Condo,0,0,9
314900,295,83,3,3,1700,1882,1,Condo,0,0,11
379900,377,97,3,3,1708,1742,1,Condo,0,0,3
419900,418,127,3,3,1716,1650,1,Condo,0,0,12
290000,418,127,3,3,1722,1575,1,Condo,0,0,31
602000,623,189,3,3,1731,1407,1,Condo,0,1,11
282344,237,67,3,3,1731,0,0,Condo,0,0,0
459900,401,122,3,3,1738,1760,1,Condo,0,1,23
200000,340,103,3,3,1746,1911,1,Condo,0,0,14
280000,336,102,3,3,1747,1607,1,Condo,0,1,15
435000,343,104,3,3,1750,1650,1,Condo,0,0,19
420000,350,106,3,3,1752,9630,1,Bunglow,0,0,46
389900,327,99,3,3,1756,1607,1,Condo,0,0,8
482413,377,114,3,3,1758,1400,1,Condo,0,0,10
305000,334,94,3,3,1760,4665,1,Bunglow,0,1,9
225000,317,89,3,3,1760,2200,1,Condo,0,0,3
359000,471,143,3,3,1766,2031,1,Condo,0,0,8
392000,400,122,3,3,1770,1799,1,Condo,0,0,23
565000,504,153,3,3,1774,1598,1,Condo,0,0,14
515000,345,105,3,3,1774,1520,1,Condo,0,0,3
478040,304,86,3,3,1774,8293,1,Bunglow,0,0,0
320000,327,99,3,3,1780,2003,1,Condo,0,1,43
477000,515,157,3,3,1798,1856,1,Condo,0,0,17
415000,381,116,3,3,1814,1398,1,Condo,0,1,21
525000,454,138,3,3,1815,2330,1,Condo,0,1,19
265000,303,92,3,3,1821,3097,1,Condo,0,0,16
680300,625,217,3,3,1827,10890,1,Bunglow,0,0,53
375000,350,106,3,3,1834,1373,1,Condo,0,1,25
235000,269,82,3,3,1840,1951,1,Condo,0,1,27
650000,708,206,3,3,1844,2309,1,Condo,0,0,17
440000,383,98,3,3,1860,2613,1,Condo,0,0,2
616700,482,147,3,3,1874,2448,1,Condo,0,0,11
299000,229,64,3,3,1882,2822,1,Condo,0,0,10
385000,418,127,3,3,1885,2718,1,Condo,0,0,13
435000,430,131,3,3,1888,1661,1,Condo,0,0,13
510000,487,148,3,3,1900,6250,1,Bunglow,0,1,62
292240,471,143,3,3,1900,1995,1,Condo,0,0,0
575000,594,181,3,3,1902,10541,1,Bunglow,0,0,58
647500,576,199,3,3,1908,0,0,Condo,0,0,22
544240,409,124,3,3,1912,2888,1,Bunglow,0,0,0
249900,290,74,3,3,1919,2178,1,Condo,0,1,21
560000,470,121,3,3,1920,1742,1,Condo,0,0,9
250000,310,80,3,3,1923,2178,1,Condo,0,0,20
285000,397,121,3,3,1928,2888,1,Condo,0,0,47
225000,271,77,3,3,1940,2478,1,Bunglow,0,1,7
410000,385,117,3,3,1960,2844,1,Condo,0,1,20
424700,463,141,3,3,1962,7200,1,Bunglow,0,1,67
655000,602,183,3,3,1966,1872,1,Condo,0,0,11
245950,245,74,3,3,1971,0,1,Condo,0,1,22
466000,592,172,3,3,1980,2700,1,Condo,0,0,31
320000,430,131,3,3,1980,2718,1,Condo,0,0,8
215000,255,72,3,3,1985,2788,1,Condo,0,0,19
485602,463,141,3,3,1986,2970,1,Condo,0,0,0
390000,387,99,3,3,2000,2613,1,Condo,0,0,15
265000,339,96,3,3,2004,2029,1,Condo,0,1,5
388000,575,199,3,3,2010,5496,1,Bunglow,0,0,61
422000,332,101,3,3,2012,2416,1,Condo,0,0,15
640000,573,174,3,3,2032,2016,1,Condo,0,0,13
307080,450,137,3,3,2036,1777,1,Condo,0,0,0
589900,483,147,3,3,2046,1872,1,Condo,0,0,2
439900,423,120,3,3,2052,1978,1,Condo,0,1,10
410000,368,112,3,3,2055,3145,1,Condo,0,0,17
605000,477,158,3,3,2057,1506,1,Bunglow,0,1,18
635000,569,173,3,3,2064,2217,1,Condo,0,1,19
310000,229,64,3,3,2073,2378,1,Condo,0,0,17
800000,648,224,3,3,2086,12632,1,Bunglow,0,0,79
280000,640,222,3,3,2100,0,1,Condo,0,0,12
440000,360,109,3,3,2101,2378,1,Condo,0,1,26
321500,479,146,3,3,2102,5127,1,Condo,0,0,38
246677,348,89,3,3,2109,2613,1,Condo,0,0,9
440000,431,111,3,3,2118,3484,0,Condo,0,0,6
339400,431,111,3,3,2118,3484,0,Bunglow,0,1,1
279900,279,79,3,3,2148,2731,1,Condo,0,0,5
780000,626,217,3,3,2160,2430,1,Condo,0,1,30
300000,532,162,3,3,2163,16552,1,Bunglow,0,0,31
332000,361,88,3,3,2169,2213,0,Condo,0,0,1
317990,431,111,3,3,2190,3484,1,Bunglow,0,0,0
535000,483,147,3,3,2200,2241,1,Condo,0,1,11
642000,491,150,3,3,2200,2171,1,Condo,0,0,2
488000,615,204,3,3,2234,9625,1,Bunglow,0,0,36
297000,360,109,3,3,2240,5876,1,Bunglow,0,0,30
225000,377,97,3,3,2288,10018,1,Bunglow,0,1,42
729000,725,211,3,3,2320,3106,0,Condo,0,1,34
375000,286,81,3,3,2321,2653,1,Condo,0,0,6
521000,539,164,3,3,2329,4451,1,Condo,0,0,23
400000,364,111,3,3,2369,2522,1,Condo,0,0,30
340000,360,109,3,3,2372,2683,1,Condo,0,0,46
355000,368,112,3,3,2376,2474,1,Condo,0,0,21
470000,400,122,3,3,2401,2617,1,Condo,0,0,30
440000,458,139,3,3,2412,12196,1,Bunglow,0,0,32
760000,508,154,3,3,2426,14810,1,Bunglow,0,1,54
403000,460,118,3,3,2437,4356,0,Bunglow,0,0,0
308000,691,229,3,3,2448,5000,1,Bunglow,0,0,64
750000,590,179,3,3,2452,2713,1,Condo,0,0,26
708500,671,204,3,3,2460,2931,1,Condo,0,1,14
660000,721,220,3,3,2466,1860,1,Condo,0,0,4
790830,815,248,3,3,2466,1944,1,Condo,0,0,14
314100,696,212,3,3,2484,2809,1,Condo,0,0,0
734235,594,206,3,3,2496,1406,1,Condo,0,1,0
333250,338,112,3,3,2508,0,1,Condo,0,1,36
680000,728,212,3,3,2556,1443,0,Condo,0,0,7
329990,397,102,3,3,2568,2614,1,Condo,0,1,0
300000,487,148,3,3,2618,2996,1,Bunglow,0,0,10
471000,488,169,3,3,2626,2222,1,Condo,0,0,8
400000,485,124,3,3,2628,9583,1,Bunglow,0,0,16
273001,428,130,3,3,2630,9783,1,Bunglow,0,0,15
605000,499,166,3,3,2636,2364,1,Condo,0,0,8
487500,396,112,3,3,2640,7326,1,Bunglow,0,0,20
282500,301,73,3,3,2689,0,0,Condo,0,1,0
475000,438,133,3,3,2690,2440,1,Condo,0,0,20
325344,285,81,3,3,2700,0,1,Condo,0,1,0
299000,491,149,3,3,2701,5633,1,Bunglow,0,0,13
489000,459,140,3,3,2722,3232,1,Condo,0,0,17
397000,435,112,3,3,2790,3920,1,Condo,0,1,5
396000,500,152,3,3,2800,10890,1,Bunglow,0,0,13
520000,491,149,3,3,2804,8677,1,Bunglow,0,0,17
468041,449,88,3,3,2807,2226,1,Condo,0,0,0
390000,422,108,3,3,2846,4791,1,Bunglow,0,0,23
345000,370,104,3,3,2900,53143,1,Bunglow,0,0,27
475000,1391,462,3,3,2936,1376,0,Bunglow,0,0,1
315435,705,215,3,3,3027,11761,1,Bunglow,0,0,0
359900,430,131,3,3,3060,8507,1,Bunglow,0,0,5
665000,561,171,3,3,3135,3463,1,Condo,0,1,19
534000,494,127,3,3,3155,8276,1,Bunglow,0,0,2
426000,396,112,3,3,3352,5954,1,Bunglow,0,0,6
509000,519,180,3,3,3408,10384,1,Bunglow,0,0,68
431375,582,149,3,3,3855,5662,1,Condo,0,0,0
343000,291,88,3,4,1232,1760,1,Condo,0,0,34
251000,334,86,3,4,1480,1742,1,Condo,0,0,11
393500,360,109,3,4,1492,1308,1,Condo,0,1,7
475000,348,106,3,4,1496,2177,1,Condo,0,0,18
225540,246,69,3,4,1500,0,1,Condo,0,1,0
335000,277,78,3,4,1556,1241,1,Condo,0,0,3
498000,373,113,3,4,1584,1794,1,Condo,0,0,29
485000,527,161,3,4,1584,1759,1,Condo,0,0,15
285000,397,121,3,4,1628,2887,1,Condo,0,0,47
506900,482,147,3,4,1628,1166,1,Condo,0,1,0
200750,401,122,3,4,1633,1716,1,Condo,0,0,22
323500,368,112,3,4,1661,1759,1,Condo,0,0,14
293000,270,82,3,4,1700,2626,1,Condo,0,1,26
314900,295,83,3,4,1700,1882,1,Condo,0,0,11
417000,393,119,3,4,1712,2184,1,Condo,0,0,14
305109,407,124,3,4,1750,1850,1,Condo,0,1,45
275000,445,154,3,4,1764,2893,1,Condo,0,0,35
570000,508,154,3,4,1774,1600,1,Condo,0,0,23
560000,470,121,3,4,1920,1742,1,Condo,0,0,9
285540,441,113,3,4,2036,2178,1,Condo,0,0,0
318500,381,132,3,4,2052,0,1,Condo,0,0,14
542450,374,106,3,4,2100,5606,1,Bunglow,0,0,0
345000,688,210,3,4,2136,3034,1,Condo,0,0,10
549000,479,146,3,4,2160,1800,1,Condo,0,1,12
593046,434,132,3,4,2208,1800,1,Condo,0,0,0
228000,267,76,3,4,2223,2718,1,Condo,0,1,24
373275,614,187,3,4,2236,1944,1,Condo,0,0,0
206500,294,83,3,4,2367,28749,1,Bunglow,0,0,14
525500,423,109,3,4,2382,2614,1,Condo,0,0,4
650000,720,209,3,4,2400,2309,1,Condo,0,0,17
363000,334,94,3,4,2422,3258,1,Condo,0,0,8
427000,378,107,3,4,2803,10890,1,Bunglow,0,1,28
500000,623,189,3,4,3019,2532,1,Bunglow,0,0,26
760000,680,207,3,4,3084,0,1,Condo,0,1,11
755000,684,208,3,4,3200,0,1,Condo,0,1,7
707368,687,209,3,4,3261,0,1,Condo,0,0,0
412939,499,128,3,4,3578,3920,1,Bunglow,0,0,0
763812,1941,673,3,4,4300,0,0,Condo,0,0,17
425000,381,116,4,1,1142,10890,1,Bunglow,0,1,34
216500,281,79,4,1,1176,20037,1,Bunglow,0,0,42
328150,327,99,4,1,1326,11761,1,Bunglow,0,0,51
325000,377,114,4,1,1365,7370,1,Bunglow,0,1,63
239900,329,85,4,1,1374,1307,1,Condo,0,0,4
355000,343,104,4,1,1662,6499,1,Bunglow,0,1,55
250000,376,114,4,1,1764,9461,1,Bunglow,0,0,65
515000,533,137,4,1,2852,6098,1,Bunglow,0,0,16
345000,818,249,4,1,2912,20473,1,Bunglow,0,0,5
675000,584,178,4,1,3616,12196,1,Bunglow,0,1,27
508053,819,250,4,1,4116,12196,1,Bunglow,0,0,1
687500,655,200,4,1,4300,22215,1,Bunglow,0,1,1
539079,1065,324,4,1,5327,19602,1,Bunglow,0,0,0
215000,237,67,4,2,800,10001,1,Bunglow,0,0,44
290000,471,143,4,2,876,18730,1,Bunglow,0,1,71
400000,400,122,4,2,954,22215,1,Bunglow,0,1,54
485000,532,162,4,2,988,11761,1,Bunglow,0,0,49
202000,202,57,4,2,1040,10001,1,Bunglow,0,0,44
281000,433,132,4,2,1040,15245,1,Bunglow,0,0,26
300000,434,132,4,2,1046,8537,1,Bunglow,0,0,56
266000,348,106,4,2,1056,9465,1,Bunglow,0,1,56
412000,368,112,4,2,1080,7199,1,Bunglow,0,0,56
385000,426,129,4,2,1092,11761,1,Bunglow,0,0,44
215000,207,58,4,2,1152,15681,0,Bunglow,0,0,64
585000,540,187,4,2,1170,5998,1,Bunglow,0,0,70
420000,434,132,4,2,1170,10599,1,Bunglow,0,0,55
315000,260,73,4,2,1200,1359,1,Condo,0,0,9
645000,594,206,4,2,1226,14810,1,Bunglow,0,0,56
276840,319,97,4,2,1269,8563,1,Bunglow,0,0,53
350000,327,99,4,2,1269,9121,1,Bunglow,0,0,58
500000,491,149,4,2,1272,12632,1,Bunglow,0,1,54
526000,532,162,4,2,1276,11325,1,Bunglow,0,0,45
390000,330,115,4,2,1302,10558,1,Bunglow,0,0,50
343500,277,78,4,2,1311,10323,0,Bunglow,0,0,17
275000,405,123,4,2,1314,30056,1,Bunglow,0,0,44
375000,441,134,4,2,1323,11325,1,Bunglow,0,0,44
625000,540,187,4,2,1325,8276,1,Bunglow,0,0,57
489950,491,150,4,2,1350,10497,1,Bunglow,0,0,58
329000,368,112,4,2,1360,10858,1,Bunglow,0,1,53
335000,323,98,4,2,1360,1480,1,Condo,0,1,29
214900,339,87,4,2,1364,8276,0,Bunglow,0,0,39
559900,504,174,4,2,1386,4199,1,Bunglow,0,1,82
200100,264,75,4,2,1387,10010,1,Bunglow,0,1,50
234000,648,224,4,2,1396,5000,1,Bunglow,0,0,80
230000,348,89,4,2,1404,11325,0,Bunglow,0,1,49
617500,565,172,4,2,1436,10890,1,Bunglow,0,0,40
645000,605,184,4,2,1449,14374,1,Bunglow,0,0,42
377750,374,114,4,2,1476,7200,1,Bunglow,0,1,61
390000,614,187,4,2,1484,7501,1,Bunglow,0,0,43
346080,430,131,4,2,1492,12196,1,Bunglow,0,0,57
418000,422,128,4,2,1500,9491,1,Bunglow,0,0,36
422000,381,116,4,2,1505,10558,1,Bunglow,0,1,56
200000,315,96,4,2,1512,4568,1,Bunglow,0,0,38
227000,290,74,4,2,1540,1742,0,Condo,0,0,35
475000,311,95,4,2,1549,13503,1,Bunglow,0,0,45
530000,479,146,4,2,1577,14810,1,Bunglow,0,0,46
375000,339,87,4,2,1588,7841,0,Bunglow,0,0,41
439900,459,140,4,2,1590,11325,1,Bunglow,0,0,37
219900,471,143,4,2,1590,10698,1,Bunglow,0,0,25
308000,360,109,4,2,1592,6655,1,Bunglow,0,0,73
242000,220,62,4,2,1593,3079,1,Condo,0,0,11
565000,491,149,4,2,1596,20037,1,Bunglow,0,1,44
258400,306,86,4,2,1640,11325,1,Bunglow,0,1,75
410000,418,127,4,2,1653,10158,1,Bunglow,0,1,62
562500,479,146,4,2,1653,17424,1,Bunglow,0,0,53
430000,4508,1374,4,2,1658,10500,1,Bunglow,0,0,41
395000,385,117,4,2,1659,8533,1,Bunglow,0,0,42
348900,352,107,4,2,1662,1812,1,Condo,0,0,40
343000,344,105,4,2,1663,10890,1,Bunglow,0,1,43
377000,383,98,4,2,1702,1742,1,Condo,0,0,0
260000,352,107,4,2,1719,10585,1,Bunglow,0,0,47
400000,372,113,4,2,1721,11761,1,Bunglow,0,1,47
575000,409,124,4,2,1736,10842,1,Bunglow,0,0,29
390000,430,131,4,2,1744,8768,1,Bunglow,0,0,25
500000,553,168,4,2,1746,19602,1,Bunglow,0,0,51
304000,308,87,4,2,1755,10010,1,Bunglow,0,0,51
204000,287,73,4,2,1760,1742,0,Condo,0,0,35
335000,368,112,4,2,1772,11761,1,Bunglow,0,0,52
210000,438,133,4,2,1791,14810,1,Bunglow,0,0,31
495000,385,117,4,2,1795,10698,1,Bunglow,0,0,50
440000,516,157,4,2,1800,10310,1,Bunglow,0,0,62
225000,339,87,4,2,1800,10454,1,Bunglow,0,1,30
425000,360,109,4,2,1810,2426,1,Condo,0,0,22
387700,422,128,4,2,1820,10393,1,Bunglow,0,1,61
625000,565,172,4,2,1820,12196,1,Bunglow,0,0,37
358900,400,122,4,2,1824,11761,1,Bunglow,0,1,31
340000,352,107,4,2,1848,8659,1,Bunglow,0,1,34
540000,368,112,4,2,1858,8428,1,Bunglow,0,0,21
515000,549,167,4,2,1868,12196,1,Bunglow,0,0,31
708121,499,152,4,2,1880,10798,1,Bunglow,0,0,19
502250,532,162,4,2,1882,29185,1,Bunglow,0,0,25
580000,573,174,4,2,1888,1936,1,Condo,0,1,42
649000,467,142,4,2,1900,21780,1,Bunglow,0,0,50
202530,411,106,4,2,1907,3484,0,Bunglow,0,0,1
399000,409,124,4,2,1915,10441,1,Bunglow,0,0,18
232200,471,143,4,2,1918,10511,1,Bunglow,0,0,31
350400,368,94,4,2,1942,8276,0,Bunglow,0,1,40
375000,441,134,4,2,1950,10643,1,Bunglow,0,0,34
268000,407,124,4,2,1958,9400,1,Bunglow,0,0,22
274900,351,107,4,2,1976,8890,1,Bunglow,0,0,33
384406,370,105,4,2,1979,10001,1,Bunglow,0,0,0
235000,594,181,4,2,1992,9504,1,Bunglow,0,0,21
485000,364,111,4,2,2000,8511,1,Bunglow,0,0,45
451500,352,107,4,2,2022,10197,1,Bunglow,0,0,52
418000,343,104,4,2,2031,14810,1,Bunglow,0,0,52
555000,503,153,4,2,2032,8607,1,Bunglow,0,1,21
345000,387,99,4,2,2040,7840,0,Bunglow,0,1,38
375000,360,109,4,2,2051,8890,1,Bunglow,0,1,37
550500,594,181,4,2,2065,15681,1,Bunglow,0,0,43
630000,567,188,4,2,2067,4700,1,Bunglow,0,0,57
590000,519,158,4,2,2096,6438,1,Bunglow,0,0,20
306484,402,103,4,2,2102,3920,1,Bunglow,0,0,29
495000,430,131,4,2,2104,10497,1,Bunglow,0,0,51
642000,586,178,4,2,2106,10890,1,Bunglow,0,1,52
414000,348,98,4,2,2112,16552,1,Bunglow,0,0,5
215000,491,149,4,2,2125,10567,1,Bunglow,0,0,33
415000,409,124,4,2,2144,9513,1,Bunglow,0,1,44
673000,590,180,4,2,2145,10815,1,Bunglow,0,0,35
700000,696,212,4,2,2146,26571,1,Bunglow,0,0,33
700000,590,180,4,2,2152,14810,1,Bunglow,0,1,44
253000,491,149,4,2,2158,10890,1,Bunglow,0,0,20
450000,450,137,4,2,2196,18295,1,Bunglow,0,1,46
385000,339,96,4,2,2200,10502,1,Bunglow,0,0,16
464800,471,143,4,2,2232,13068,1,Bunglow,0,0,26
575000,438,133,4,2,2246,11761,1,Bunglow,0,0,28
429800,321,91,4,2,2280,2909,1,Condo,0,0,0
281990,374,106,4,2,2294,14374,1,Bunglow,0,0,2
579000,532,162,4,2,2295,10798,1,Bunglow,0,1,45
550000,491,149,4,2,2296,11761,1,Bunglow,0,1,41
307310,306,87,4,2,2298,4007,1,Bunglow,0,0,12
620000,582,177,4,2,2299,12632,1,Bunglow,0,1,64
297500,553,168,4,2,2300,11325,1,Bunglow,0,0,29
560000,450,137,4,2,2300,9024,1,Bunglow,0,0,38
585000,520,158,4,2,2300,15245,1,Bunglow,0,1,41
368765,361,102,4,2,2348,9683,1,Bunglow,0,1,0
540000,549,167,4,2,2352,17424,1,Bunglow,0,1,32
419000,450,137,4,2,2382,15681,1,Bunglow,0,1,36
475000,490,149,4,2,2388,8537,1,Bunglow,0,0,29
370000,395,137,4,2,2392,16117,0,Bunglow,0,0,40
269900,405,114,4,2,2394,8197,1,Bunglow,0,0,14
595000,556,169,4,2,2400,13939,1,Bunglow,0,0,40
420000,405,114,4,2,2402,48787,1,Bunglow,0,1,37
380000,499,128,4,2,2404,21344,1,Bunglow,0,0,24
535000,532,162,4,2,2463,10890,1,Bunglow,0,1,35
375000,475,144,4,2,2472,16552,1,Bunglow,0,0,54
525000,586,178,4,2,2496,14374,1,Bunglow,0,1,42
665000,553,168,4,2,2510,12632,1,Bunglow,0,0,24
650000,395,137,4,2,2523,20037,0,Bunglow,0,0,113
342500,351,99,4,2,2541,60983,0,Bunglow,0,1,31
205000,397,121,4,2,2559,10044,1,Bunglow,0,0,20
369990,512,156,4,2,2582,13068,1,Bunglow,0,0,5
448574,499,121,4,2,2588,4717,1,Bunglow,0,1,0
455000,623,189,4,2,2594,6921,1,Bunglow,0,0,24
260000,351,99,4,2,2600,14374,1,Bunglow,0,1,66
398000,351,99,4,2,2603,3598,1,Condo,0,1,9
504000,524,159,4,2,2615,18730,1,Bunglow,0,1,41
384900,370,104,4,2,2616,52707,1,Bunglow,0,0,34
352000,630,162,4,2,2632,436471,1,Bunglow,0,0,33
271500,385,109,4,2,2640,58806,1,Bunglow,0,0,7
640000,623,190,4,2,2681,10454,1,Bunglow,0,0,104
271135,396,112,4,2,2688,11761,1,Bunglow,0,0,7
570000,594,168,4,2,2720,435600,1,Bunglow,0,1,0
242500,479,146,4,2,2728,7492,1,Bunglow,0,0,8
310000,651,189,4,2,2768,9952,1,Bunglow,0,0,65
290000,330,93,4,2,2770,7962,1,Bunglow,0,1,8
745975,553,142,4,2,2789,10018,1,Bunglow,0,0,0
480000,479,146,4,2,2887,10763,1,Bunglow,0,0,7
510000,573,174,4,2,2938,10576,1,Bunglow,0,1,61
800000,684,208,4,2,2949,24829,1,Bunglow,0,1,22
705000,590,180,4,2,2966,10537,1,Bunglow,0,0,14
645000,491,149,4,2,3000,27878,1,Bunglow,0,0,80
342095,374,106,4,2,3000,7500,1,Bunglow,0,0,0
361000,614,187,4,2,3008,11325,1,Bunglow,0,0,0
290000,706,234,4,2,3024,8250,1,Bunglow,0,0,50
406325,455,117,4,2,3038,3484,1,Condo,0,0,0
555000,483,147,4,2,3054,15245,1,Bunglow,0,0,44
250000,483,147,4,2,3069,13068,1,Bunglow,0,0,8
325000,352,107,4,2,3145,3147,1,Bunglow,0,1,35
636870,485,124,4,2,3162,3484,0,Condo,0,0,0
310000,635,193,4,2,3195,21780,1,Bunglow,0,0,14
418040,418,118,4,2,3373,7566,1,Bunglow,0,0,0
748800,378,107,4,2,3423,4181,1,Bunglow,0,0,3
345000,387,110,4,2,3528,10166,1,Bunglow,0,1,34
661000,655,199,4,2,3556,13068,1,Bunglow,0,0,24
464665,533,137,4,2,3608,7840,1,Bunglow,0,0,0
745000,655,200,4,2,3674,72309,1,Bunglow,0,1,32
503000,676,206,4,2,3780,37461,1,Bunglow,0,0,20
257840,593,181,4,2,3796,20473,1,Bunglow,0,0,19
523000,528,136,4,2,3948,10890,1,Bunglow,0,0,22
550000,548,141,4,2,4260,8712,1,Bunglow,0,0,14
466222,502,142,4,2,4470,13503,1,Bunglow,0,1,0
502330,688,209,4,2,4609,10463,1,Bunglow,0,0,0
595000,1045,318,4,2,5050,15681,1,Bunglow,0,0,0
565200,599,154,4,2,5193,13503,1,Bunglow,0,0,0
500000,844,257,4,3,693,13068,1,Bunglow,0,0,59
335000,450,137,4,3,988,10733,1,Bunglow,0,0,61
380000,418,127,4,3,1034,7967,1,Bunglow,0,0,29
219900,254,77,4,3,1140,0,1,Bunglow,0,0,18
249950,500,152,4,3,1176,10497,1,Bunglow,0,0,38
240000,286,87,4,3,1188,1428,1,Condo,0,0,37
507000,368,112,4,3,1206,9151,1,Bunglow,0,0,26
380100,384,117,4,3,1220,1440,1,Condo,0,0,32
205000,389,118,4,3,1249,8894,1,Bunglow,0,0,23
357000,359,109,4,3,1274,2556,1,Bunglow,0,1,33
428000,286,87,4,3,1280,1498,1,Condo,0,0,35
320000,326,92,4,3,1296,20908,1,Bunglow,0,1,49
540000,471,143,4,3,1314,8509,1,Bunglow,0,0,28
300000,441,134,4,3,1324,11325,1,Bunglow,0,1,48
368900,401,122,4,3,1340,10552,1,Bunglow,0,0,36
225000,471,143,4,3,1350,13503,1,Bunglow,0,0,34
765000,633,219,4,3,1354,8976,1,Bunglow,0,0,53
384350,350,106,4,3,1360,1440,1,Condo,0,0,26
330000,291,88,4,3,1360,2325,1,Bunglow,0,0,28
214900,344,88,4,3,1360,2613,1,Condo,0,0,4
560000,482,147,4,3,1363,10667,1,Bunglow,0,0,34
569500,430,131,4,3,1364,33105,1,Bunglow,0,0,47
206000,292,71,4,3,1364,1760,1,Condo,0,1,19
329000,712,217,4,3,1370,18295,1,Bunglow,0,0,41
581710,458,152,4,3,1374,8093,1,Bunglow,0,0,46
319900,274,78,4,3,1376,1459,1,Condo,0,0,3
276270,358,92,4,3,1388,1306,1,Condo,0,0,3
350000,303,86,4,3,1388,2652,1,Condo,0,0,4
336873,224,63,4,3,1412,2108,1,Condo,0,1,10
495000,614,187,4,3,1460,12196,1,Bunglow,0,0,59
390000,430,131,4,3,1464,10454,1,Bunglow,0,0,41
660000,560,171,4,3,1464,13068,1,Bunglow,0,0,36
610000,573,174,4,3,1466,13503,1,Bunglow,0,0,56
480000,524,160,4,3,1485,17424,1,Bunglow,0,0,35
357000,343,104,4,3,1496,1585,1,Condo,0,0,39
392798,343,104,4,3,1496,1650,1,Condo,0,1,34
210920,220,62,4,3,1496,1551,1,Condo,0,0,12
416000,364,111,4,3,1503,1542,1,Condo,0,0,34
330000,359,109,4,3,1512,1433,1,Condo,0,0,36
345000,389,118,4,3,1534,1759,1,Condo,0,0,41
421900,349,90,4,3,1536,2178,1,Condo,0,0,11
349000,434,132,4,3,1537,8450,1,Bunglow,0,0,23
280000,281,79,4,3,1538,1738,1,Condo,0,1,22
417000,360,110,4,3,1540,2533,1,Condo,0,0,36
500000,520,158,4,3,1540,10058,1,Bunglow,0,0,21
272000,472,143,4,3,1546,4978,1,Bunglow,0,0,16
540000,508,154,4,3,1560,8934,1,Bunglow,0,1,29
259000,602,183,4,3,1566,1890,1,Condo,0,0,30
535000,491,149,4,3,1584,1804,1,Condo,0,1,17
675000,573,175,4,3,1593,28314,1,Bunglow,0,0,49
405000,442,134,4,3,1600,1600,1,Condo,0,0,11
370000,635,193,4,3,1604,10724,1,Bunglow,0,0,40
265000,339,87,4,3,1670,1742,1,Condo,0,0,12
212000,474,144,4,3,1671,12196,1,Bunglow,0,0,32
595000,573,174,4,3,1672,3840,1,Condo,0,0,34
360000,299,85,4,3,1680,1760,1,Condo,0,0,19
300000,334,94,4,3,1680,2274,1,Condo,0,1,5
309990,299,84,4,3,1680,2509,1,Condo,0,0,1
710165,601,183,4,3,1682,1149,1,Condo,0,0,0
391000,404,104,4,3,1702,2178,1,Condo,0,0,7
502000,396,121,4,3,1707,16117,1,Bunglow,0,0,32
510000,436,133,4,3,1716,1760,1,Condo,0,0,21
454500,532,162,4,3,1745,5623,1,Bunglow,0,0,75
350550,491,150,4,3,1750,7466,1,Bunglow,0,0,65
389900,483,147,4,3,1752,1584,1,Condo,0,0,20
226000,500,152,4,3,1764,16552,1,Bunglow,0,0,25
390000,482,147,4,3,1768,18295,1,Bunglow,0,1,50
375000,389,118,4,3,1768,2500,1,Bunglow,0,0,36
775000,720,249,4,3,1773,10001,1,Bunglow,0,0,45
532000,483,147,4,3,1786,2310,1,Condo,0,0,24
388000,368,112,4,3,1800,9950,1,Bunglow,0,1,32
429000,356,108,4,3,1800,2099,1,Condo,0,0,22
265500,330,93,4,3,1821,13068,1,Bunglow,0,0,43
301500,387,99,4,3,1839,7840,0,Bunglow,0,1,38
375000,363,93,4,3,1839,7840,0,Bunglow,0,0,41
458000,409,125,4,3,1860,1820,1,Condo,0,1,16
265000,319,97,4,3,1872,3099,1,Condo,0,1,25
515000,491,149,4,3,1876,13939,1,Bunglow,0,1,41
225000,304,86,4,3,1894,4700,1,Bunglow,0,0,7
620000,573,174,4,3,1901,23958,1,Bunglow,0,0,61
285000,286,81,4,3,1904,13068,1,Bunglow,0,1,27
279000,356,108,4,3,1905,8398,1,Bunglow,0,0,60
367000,393,120,4,3,1930,10532,1,Bunglow,0,1,44
420000,480,123,4,3,1936,1742,1,Condo,0,1,18
445000,614,187,4,3,1976,2027,1,Condo,0,0,7
384650,436,112,4,3,1980,8276,1,Bunglow,0,1,26
402500,434,132,4,3,2008,2214,1,Condo,0,0,2
480000,612,212,4,3,2020,5222,1,Bunglow,0,1,85
465000,430,131,4,3,2020,20037,1,Bunglow,0,1,48
499000,361,102,4,3,2032,15245,1,Bunglow,0,0,26
450000,458,139,4,3,2033,14374,1,Bunglow,0,0,43
550000,589,179,4,3,2038,2058,1,Condo,0,0,30
310100,647,197,4,3,2060,2003,1,Condo,0,0,0
490000,421,128,4,3,2072,1581,1,Condo,0,0,7
468000,454,138,4,3,2090,2639,1,Condo,0,0,27
315000,557,169,4,3,2098,21780,1,Bunglow,0,0,37
361000,586,178,4,3,2100,14374,1,Bunglow,0,0,44
448000,409,125,4,3,2100,24393,1,Bunglow,0,0,50
378000,368,112,4,3,2100,10149,1,Bunglow,0,0,33
295000,278,84,4,3,2108,3084,1,Condo,0,1,43
465000,439,134,4,3,2128,3563,1,Bunglow,0,0,6
558000,466,142,4,3,2130,21780,1,Bunglow,0,0,28
730000,610,186,4,3,2134,37026,1,Bunglow,0,0,30
642000,853,296,4,3,2138,9121,1,Bunglow,0,0,60
364900,434,132,4,3,2139,8576,1,Bunglow,0,0,18
460000,512,156,4,3,2177,14374,1,Bunglow,0,0,41
632500,537,163,4,3,2180,2718,1,Condo,0,0,7
507000,606,184,4,3,2208,10497,1,Bunglow,0,0,51
342150,594,181,4,3,2224,2040,1,Condo,0,0,0
399900,412,106,4,3,2236,3049,0,Condo,0,1,4
637000,594,206,4,3,2251,7014,1,Bunglow,0,0,61
640000,581,177,4,3,2272,13068,1,Bunglow,0,0,19
276325,450,109,4,3,2275,4691,1,Bunglow,0,0,0
520000,422,128,4,3,2286,11761,1,Bunglow,0,0,38
560000,520,158,4,3,2298,21780,1,Bunglow,0,0,14
399000,330,93,4,3,2304,49658,1,Bunglow,0,0,29
579900,449,127,4,3,2317,28314,1,Bunglow,0,0,69
630000,532,162,4,3,2321,11325,1,Bunglow,0,0,41
250000,384,93,4,3,2335,16552,1,Bunglow,0,0,51
415000,898,298,4,3,2340,1692,1,Condo,0,0,31
420000,753,229,4,3,2347,10500,1,Bunglow,0,0,44
790000,716,248,4,3,2349,10005,1,Bunglow,0,0,41
500000,611,212,4,3,2352,9243,1,Bunglow,0,0,34
420000,430,131,4,3,2362,20037,1,Bunglow,0,1,34
474000,531,162,4,3,2375,12196,1,Bunglow,0,0,39
275000,418,127,4,3,2382,5584,1,Bunglow,0,0,21
393878,359,124,4,3,2400,1700,1,Condo,0,1,41
515000,532,162,4,3,2400,11325,1,Bunglow,0,0,39
730000,716,208,4,3,2400,1704,0,Condo,0,0,8
409610,532,162,4,3,2400,3114,1,Condo,0,0,0
260000,591,196,4,3,2408,14374,1,Bunglow,0,0,16
250000,561,171,4,3,2411,11325,1,Bunglow,0,0,14
492500,491,149,4,3,2413,14810,1,Bunglow,0,0,41
329000,648,224,4,3,2422,10802,0,Bunglow,0,0,44
450000,519,133,4,3,2432,15245,1,Bunglow,0,0,13
247000,385,117,4,3,2438,5932,1,Bunglow,0,0,23
675000,573,174,4,3,2440,22215,1,Bunglow,0,0,29
785000,791,274,4,3,2452,6198,1,Bunglow,0,1,74
535000,524,159,4,3,2455,8215,1,Bunglow,0,1,29
435000,384,117,4,3,2457,8838,1,Bunglow,0,1,26
300000,321,91,4,3,2457,10663,1,Bunglow,0,0,3
675000,569,173,4,3,2464,54450,1,Bunglow,0,0,23
420000,474,164,4,3,2470,6943,1,Bunglow,0,0,62
790000,655,199,4,3,2476,5802,1,Bunglow,0,0,12
655000,553,168,4,3,2480,14374,1,Bunglow,0,0,44
221940,466,132,4,3,2482,23522,1,Bunglow,0,0,0
368500,352,99,4,3,2496,4403,1,Bunglow,0,0,15
630000,819,249,4,3,2500,12196,1,Bunglow,0,1,49
540000,487,148,4,3,2500,10500,1,Bunglow,0,1,42
610000,507,154,4,3,2500,66211,1,Bunglow,0,0,33
494463,582,149,4,3,2501,10890,1,Bunglow,0,1,0
590116,548,141,4,3,2503,7405,1,Bunglow,0,0,0
566000,467,142,4,3,2504,2866,1,Bunglow,0,0,4
675000,708,206,4,3,2510,1947,0,Condo,0,0,8
385000,369,104,4,3,2512,61855,1,Bunglow,0,1,29
400000,491,149,4,3,2530,11761,1,Bunglow,0,0,46
649900,537,163,4,3,2535,3985,1,Bunglow,0,0,1
570910,450,137,4,3,2538,3571,1,Condo,0,0,0
470000,524,159,4,3,2540,8272,1,Bunglow,0,0,15
252000,573,174,4,3,2550,14810,1,Bunglow,0,0,12
790000,684,237,4,3,2554,7779,1,Bunglow,0,0,94
670000,597,182,4,3,2554,10890,1,Bunglow,0,0,9
565000,655,200,4,3,2560,22215,1,Bunglow,0,0,48
355000,378,107,4,3,2580,11325,1,Bunglow,0,1,13
480000,442,135,4,3,2600,11325,1,Bunglow,0,1,32
580000,471,143,4,3,2602,3752,1,Bunglow,0,0,2
400000,504,153,4,3,2611,10275,1,Bunglow,0,0,41
610000,483,147,4,3,2612,3227,1,Condo,0,0,10
390224,441,113,4,3,2622,1742,1,Condo,0,1,0
307601,363,103,4,3,2624,5227,1,Bunglow,0,0,0
225380,471,143,4,3,2640,4033,1,Bunglow,0,1,3
496700,378,107,4,3,2642,89297,1,Bunglow,0,0,46
513293,646,197,4,3,2648,10606,1,Bunglow,0,0,56
469900,330,93,4,3,2657,7239,1,Bunglow,0,0,3
615000,598,182,4,3,2659,14810,1,Bunglow,0,0,18
635000,753,229,4,3,2660,17859,1,Bunglow,0,0,52
675000,684,208,4,3,2664,8707,1,Bunglow,0,0,23
355000,435,123,4,3,2688,51400,1,Bunglow,0,0,33
327570,596,207,4,3,2722,3441,0,Bunglow,0,0,0
440000,541,164,4,3,2728,10497,1,Bunglow,0,0,43
315000,383,108,4,3,2740,47044,1,Bunglow,0,0,36
635000,611,186,4,3,2748,12196,1,Bunglow,0,1,31
574900,512,156,4,3,2751,10349,1,Bunglow,0,1,26
575000,524,159,4,3,2754,20473,1,Bunglow,0,1,42
735000,655,200,4,3,2768,21344,1,Bunglow,0,0,24
370000,513,132,4,3,2774,7840,1,Bunglow,0,0,9
375000,475,122,4,3,2786,8276,1,Bunglow,0,0,11
699000,623,207,4,3,2789,10890,1,Bunglow,0,0,48
398000,482,147,4,3,2800,11761,1,Bunglow,0,0,43
293000,646,197,4,3,2801,13503,1,Bunglow,0,0,12
446815,370,104,4,3,2849,15681,1,Bunglow,0,0,14
665000,589,179,4,3,2852,8590,1,Bunglow,0,1,26
319550,713,217,4,3,2899,4917,1,Bunglow,0,0,0
415000,826,274,4,3,2900,5501,1,Bunglow,0,0,78
337000,532,162,4,3,2900,15245,1,Bunglow,0,0,21
446890,427,121,4,3,2902,7239,1,Bunglow,0,1,1
625000,569,173,4,3,2905,21780,1,Bunglow,0,1,54
780000,655,199,4,3,2912,21780,1,Bunglow,0,1,46
264000,758,231,4,3,2922,27878,1,Bunglow,0,0,11
360000,606,185,4,3,2926,81892,1,Bunglow,0,0,25
269900,330,93,4,3,2932,115434,1,Bunglow,0,1,37
475000,737,245,4,3,2938,8416,1,Bunglow,0,0,70
540000,677,234,4,3,2940,11761,1,Bunglow,0,0,43
374950,445,159,4,3,2944,141134,1,Bunglow,0,0,9
270000,370,105,4,3,2950,84942,1,Bunglow,0,0,44
399000,601,118,4,3,2960,26136,1,Bunglow,0,1,13
381000,386,109,4,3,2978,96703,1,Bunglow,0,0,28
589900,901,274,4,3,2995,17424,1,Bunglow,0,0,12
598000,863,299,4,3,3000,8250,0,Bunglow,0,0,57
722000,610,186,4,3,3000,13503,1,Bunglow,0,0,42
580000,508,154,4,3,3005,5013,1,Bunglow,0,0,16
308515,610,186,4,3,3005,12196,1,Bunglow,0,0,0
700000,713,217,4,3,3017,22651,1,Bunglow,0,0,28
352000,687,209,4,3,3020,41817,1,Bunglow,0,0,24
532000,558,193,4,3,3022,5000,0,Bunglow,0,0,70
525000,655,199,4,3,3025,10815,1,Bunglow,0,0,49
510000,573,174,4,3,3030,10507,1,Bunglow,0,0,36
645000,643,196,4,3,3032,20473,1,Bunglow,0,0,36
365000,471,143,4,3,3036,9596,1,Bunglow,0,0,28
579000,508,155,4,3,3052,18295,1,Bunglow,0,1,43
430000,513,124,4,3,3060,10018,0,Bunglow,0,1,58
300000,573,174,4,3,3061,15245,1,Bunglow,0,0,25
665000,552,142,4,3,3068,8712,1,Bunglow,0,0,13
218250,398,113,4,3,3082,9400,1,Bunglow,0,0,0
650000,564,172,4,3,3117,8001,1,Bunglow,0,0,27
291000,348,98,4,3,3137,20473,1,Bunglow,0,1,37
409900,555,143,4,3,3139,10018,1,Bunglow,0,0,18
472000,573,174,4,3,3142,11761,1,Bunglow,0,0,7
267000,491,149,4,3,3146,8498,1,Bunglow,0,0,9
710000,561,171,4,3,3148,5135,1,Bunglow,0,0,0
675000,573,174,4,3,3150,3998,1,Bunglow,0,0,5
257000,505,154,4,3,3181,8794,1,Bunglow,0,0,6
510000,630,162,4,3,3190,49658,1,Bunglow,0,1,46
585000,644,223,4,3,3200,11761,1,Bunglow,0,0,52
790000,603,209,4,3,3208,4774,1,Bunglow,0,1,9
399600,363,103,4,3,3214,6534,1,Bunglow,0,0,0
495000,528,161,4,3,3234,7287,1,Bunglow,0,1,25
626774,456,129,4,3,3237,16552,1,Bunglow,0,0,0
460000,491,149,4,3,3252,10890,1,Bunglow,0,0,17
340572,622,189,4,3,3256,8119,1,Bunglow,0,0,0
206000,370,104,4,3,3268,15681,1,Bunglow,0,0,10
755005,523,159,4,3,3272,3354,1,Condo,0,0,15
289900,601,154,4,3,3274,13939,1,Bunglow,0,0,8
461825,532,162,4,3,3280,10789,1,Bunglow,0,0,30
540000,737,224,4,3,3291,87120,1,Bunglow,0,0,16
765000,634,193,4,3,3308,32234,1,Bunglow,0,0,28
394000,441,107,4,3,3318,12196,1,Bunglow,0,1,18
326500,635,193,4,3,3340,15245,1,Bunglow,0,0,0
280000,472,114,4,3,3346,9644,1,Bunglow,0,0,7
725000,725,221,4,3,3379,9570,1,Bunglow,0,0,20
760000,655,199,4,3,3421,10868,1,Bunglow,0,0,9
699000,699,232,4,3,3433,5308,1,Bunglow,0,0,11
570000,596,153,4,3,3435,15245,1,Bunglow,0,0,22
370000,356,101,4,3,3437,3537,1,Bunglow,0,1,10
785000,733,223,4,3,3440,7801,1,Bunglow,0,0,64
382000,653,217,4,3,3440,14810,1,Bunglow,0,0,19
485000,573,174,4,3,3453,9609,1,Bunglow,0,0,17
430000,491,149,4,3,3456,3484,1,Bunglow,0,0,5
574000,532,162,4,3,3465,10598,1,Bunglow,0,0,21
317340,553,168,4,3,3466,12632,1,Bunglow,0,0,0
386000,320,114,4,3,3478,38768,1,Bunglow,0,0,16
300000,1015,337,4,3,3480,10890,1,Bunglow,0,0,53
215000,370,105,4,3,3500,20908,1,Bunglow,0,0,18
576145,528,161,4,3,3504,4199,1,Bunglow,0,0,1
483820,562,144,4,3,3513,7840,1,Bunglow,0,1,16
619000,521,134,4,3,3518,7840,1,Bunglow,0,0,7
288000,542,139,4,3,3520,8712,1,Bunglow,0,0,6
582499,573,174,4,3,3528,6006,1,Bunglow,0,1,15
490000,971,337,4,3,3547,8717,1,Bunglow,0,0,56
589000,374,106,4,3,3555,9313,1,Bunglow,0,0,4
729900,606,184,4,3,3558,7771,1,Bunglow,0,0,4
367925,431,122,4,3,3575,10454,1,Bunglow,0,0,0
540000,548,167,4,3,3600,16117,1,Bunglow,0,1,37
679000,573,174,4,3,3631,6490,1,Bunglow,0,0,25
339900,374,106,4,3,3647,7540,1,Bunglow,0,0,2
247437,485,125,4,3,3664,12196,1,Bunglow,0,0,0
364510,372,105,4,3,3667,4377,1,Condo,0,1,1
560000,565,145,4,3,3676,10018,1,Bunglow,0,0,24
389990,383,108,4,3,3692,7901,1,Bunglow,0,0,0
340000,374,106,4,3,3698,4438,1,Condo,0,1,5
525000,563,159,4,3,3700,143748,1,Bunglow,0,0,2
434990,455,117,4,3,3700,7405,1,Bunglow,0,0,0
428000,532,162,4,3,3757,5321,1,Bunglow,0,0,8
270585,548,141,4,3,3798,8276,1,Bunglow,0,0,0
650000,494,127,4,3,3799,23522,1,Bunglow,0,0,7
210000,491,150,4,3,3813,12196,1,Bunglow,0,0,19
382000,462,131,4,3,3855,7052,1,Bunglow,0,1,7
800000,672,204,4,3,3857,14374,1,Bunglow,0,1,56
427747,383,108,4,3,3862,10890,1,Bunglow,0,1,15
400000,1061,323,4,3,3867,21780,1,Bunglow,0,0,34
615000,737,224,4,3,3905,23086,1,Bunglow,0,0,30
550000,815,237,4,3,3914,15245,1,Bunglow,0,0,48
640000,581,149,4,3,3939,28749,1,Bunglow,0,0,24
615000,614,187,4,3,3961,8848,1,Bunglow,0,1,7
549500,626,191,4,3,4000,16552,1,Bunglow,0,0,27
587859,979,298,4,3,4000,8341,1,Bunglow,0,0,0
560000,630,162,4,3,4033,10454,1,Bunglow,0,1,13
432000,983,299,4,3,4050,6250,1,Bunglow,0,0,0
799223,961,319,4,3,4114,9745,1,Bunglow,0,0,0
289000,598,182,4,3,4128,13068,1,Bunglow,0,0,0
421965,582,150,4,3,4128,9583,1,Bunglow,0,0,0
416200,817,249,4,3,4140,12196,1,Bunglow,0,0,22
611400,512,156,4,3,4141,14810,1,Bunglow,0,0,20
704165,492,139,4,3,4173,9539,1,Bunglow,0,0,0
336500,549,167,4,3,4181,13068,1,Bunglow,0,0,11
649069,625,161,4,3,4186,8276,1,Bunglow,0,0,0
488512,769,234,4,3,4245,36154,1,Bunglow,0,0,0
296790,630,162,4,3,4287,10018,1,Bunglow,0,0,1
362500,519,147,4,3,4293,153331,1,Bunglow,0,0,14
292605,436,123,4,3,4300,10484,1,Bunglow,0,0,1
412250,414,117,4,3,4304,6851,1,Bunglow,0,0,13
800000,1053,321,4,3,4310,20037,1,Bunglow,0,0,38
560000,462,131,4,3,4341,57063,1,Bunglow,0,1,29
390000,737,224,4,3,4355,20037,1,Bunglow,0,0,12
558000,1008,350,4,3,4376,15245,1,Bunglow,0,0,61
719740,545,166,4,3,4377,9678,1,Bunglow,0,0,17
411430,703,181,4,3,4412,10454,1,Bunglow,0,0,0
330000,484,137,4,3,4420,50529,1,Bunglow,0,0,0
439000,440,124,4,3,4501,7840,1,Bunglow,0,0,3
303000,510,144,4,3,4544,47916,1,Bunglow,0,0,0
310000,431,122,4,3,4544,11761,1,Bunglow,0,0,10
390000,975,297,4,3,4600,13068,1,Bunglow,0,0,52
375050,635,193,4,3,4662,13939,1,Bunglow,0,0,9
569990,616,174,4,3,4679,21780,1,Bunglow,0,1,0
480729,506,143,4,3,4774,12632,1,Bunglow,0,0,0
305000,679,175,4,3,4839,16988,1,Bunglow,0,0,6
450845,492,139,4,3,4924,10881,1,Bunglow,0,0,0
719000,693,178,4,3,4993,8276,1,Bunglow,0,0,0
635000,713,183,4,3,5032,8276,1,Bunglow,0,1,5
372500,807,246,4,3,5070,343252,1,Bunglow,0,0,21
425000,483,137,4,3,5122,12632,1,Bunglow,0,0,0
701101,721,219,4,3,5535,11325,1,Bunglow,0,1,10
488230,922,281,4,3,6346,11761,1,Bunglow,0,0,0
435000,315,109,4,4,1428,1785,1,Condo,0,0,36
230000,368,112,4,4,1582,1793,1,Condo,0,0,9
420000,532,162,4,4,1838,7148,1,Bunglow,0,0,20
620000,553,168,4,4,1968,217800,1,Bunglow,0,0,28
220000,250,71,4,4,2040,2570,1,Condo,0,0,22
724000,661,219,4,4,2072,2435,1,Bunglow,0,0,103
379000,397,121,4,4,2105,2300,1,Condo,0,0,19
746559,721,219,4,4,2126,1856,1,Condo,0,0,0
570000,561,171,4,4,2148,2334,1,Condo,0,0,31
409000,422,128,4,4,2157,2545,1,Condo,0,1,19
575000,475,144,4,4,2300,8025,1,Bunglow,0,1,32
585000,561,171,4,4,2321,11325,1,Bunglow,0,0,23
530000,463,141,4,4,2408,12196,1,Bunglow,0,1,48
495000,463,141,4,4,2448,2443,1,Bunglow,0,0,6
560000,446,115,4,4,2548,3485,1,Bunglow,0,0,2
415000,387,109,4,4,2649,13068,1,Bunglow,0,0,1
594000,696,212,4,4,2861,31363,1,Bunglow,0,0,43
404755,590,179,4,4,2900,8633,1,Bunglow,0,0,0
365000,733,223,4,4,3155,20037,1,Bunglow,0,0,32
438111,567,146,4,4,3188,6098,1,Bunglow,0,0,0
334000,532,162,4,4,3272,9140,1,Bunglow,0,0,10
761500,654,217,4,4,3280,7309,1,Bunglow,0,0,71
394000,484,137,4,4,3298,9108,1,Bunglow,0,1,7
675000,671,204,4,4,3315,4347,1,Bunglow,0,0,5
240800,591,152,4,4,3329,13068,1,Bunglow,0,0,1
307000,451,109,4,4,3390,5201,1,Bunglow,0,0,1
522802,616,158,4,4,3535,10018,1,Bunglow,0,0,0
545500,1135,346,4,4,3605,33541,1,Bunglow,0,0,52
465000,616,158,4,4,3691,8712,1,Bunglow,0,1,0
385000,423,119,4,4,3737,12632,1,Bunglow,0,1,4
442930,860,262,4,4,3742,9040,1,Bunglow,0,0,0
550000,811,247,4,4,3750,13503,1,Bunglow,0,0,42
407000,770,234,4,4,3810,21780,1,Bunglow,0,1,59
372400,799,243,4,4,3835,32670,1,Bunglow,0,0,16
678000,573,174,4,4,3868,11761,1,Bunglow,0,1,35
404816,423,119,4,4,3902,10232,1,Bunglow,0,1,0
255000,580,149,4,4,4001,10890,1,Bunglow,0,0,3
795000,676,206,4,4,4016,9870,1,Bunglow,0,0,1
585000,489,138,4,4,4017,5793,1,Bunglow,0,0,1
450000,458,129,4,4,4048,6098,1,Bunglow,0,1,11
740000,664,202,4,4,4050,5501,1,Bunglow,0,1,3
705000,708,182,4,4,4072,8276,1,Bunglow,0,0,15
299900,600,154,4,4,4077,6969,1,Bunglow,0,0,2
356400,467,132,4,4,4165,10044,1,Bunglow,0,0,0
499977,462,131,4,4,4216,10454,1,Bunglow,0,0,0
650000,556,169,4,4,4273,13068,1,Bunglow,0,0,17
636005,717,218,4,4,4305,9679,1,Bunglow,0,0,0
417925,631,219,4,4,4398,5858,1,Bunglow,0,0,0
310000,614,187,4,4,4414,13068,1,Bunglow,0,0,9
343912,475,134,4,4,4418,8642,1,Bunglow,0,0,0
689900,541,165,4,4,4454,8367,1,Bunglow,0,0,17
540000,901,275,4,4,4472,15245,1,Bunglow,0,0,40
579480,438,124,4,4,4484,27442,1,Bunglow,0,0,0
690000,974,297,4,4,4512,10357,1,Bunglow,0,0,8
507500,901,275,4,4,4515,20037,1,Bunglow,0,0,3
397995,519,147,4,4,4613,11325,1,Bunglow,0,0,0
575000,672,204,4,4,4630,25264,1,Bunglow,0,0,21
443105,654,168,4,4,4722,9147,1,Bunglow,0,0,0
600000,557,169,4,4,4729,5135,1,Bunglow,0,1,9
420000,466,132,4,4,4729,8555,1,Bunglow,0,0,3
461155,483,137,4,4,4781,12632,1,Bunglow,0,0,0
690000,555,157,4,4,4815,10890,1,Bunglow,0,1,3
525000,682,208,4,4,4868,13939,1,Bunglow,0,0,12
713250,654,168,4,4,4910,8276,1,Bunglow,0,0,0
470000,483,137,4,4,4975,8193,1,Bunglow,0,0,1
710000,737,190,4,4,5117,11761,1,Bunglow,0,0,9
757000,751,193,4,4,5141,8712,1,Bunglow,0,1,8
540000,643,196,4,4,5172,9571,1,Bunglow,0,0,0
479220,892,272,4,4,5241,31798,1,Bunglow,0,0,0
702325,679,174,4,4,5243,19602,1,Bunglow,0,0,0
570000,660,187,4,4,5471,95396,1,Bunglow,0,1,0
290000,655,199,4,4,5740,18730,1,Bunglow,0,0,4
575000,1015,309,4,4,5920,27442,1,Bunglow,0,0,0
561875,612,173,4,4,5924,30056,1,Bunglow,0,0,0
555000,776,200,4,4,5941,10890,1,Bunglow,0,0,5
730000,804,207,4,4,6022,9583,1,Bunglow,0,0,0
728585,731,207,4,4,6050,110206,1,Bunglow,0,0,0
640000,638,181,4,4,6078,10454,1,Bunglow,0,1,0
750000,713,202,4,4,7677,62726,1,Bunglow,0,0,4
630000,540,164,4,5,2720,40510,1,Bunglow,0,0,24
423000,446,114,4,5,2875,3049,1,Condo,0,1,8
511275,467,132,4,5,3325,11325,1,Bunglow,0,0,0
680000,819,249,4,5,3814,15245,1,Bunglow,0,0,10
320890,489,138,4,5,4199,6050,1,Bunglow,0,0,0
740000,784,202,4,5,4687,50529,1,Bunglow,0,0,51
775000,678,192,4,5,6220,435600,1,Bunglow,0,0,1
256500,462,131,4,6,2696,18295,1,Bunglow,0,0,7
674691,749,212,4,6,7000,22215,1,Bunglow,0,0,0
200000,250,76,5,1,1008,7444,1,Bunglow,0,0,66
535000,467,142,5,1,1256,11761,1,Bunglow,0,0,46
570000,729,212,5,1,2600,12196,1,Bunglow,0,0,50
385545,737,224,5,1,2800,8573,1,Bunglow,0,0,28
750000,737,224,5,1,3084,217800,1,Bunglow,0,0,29
525000,1332,462,5,1,6088,22215,1,Bunglow,0,0,67
309000,368,112,5,2,1008,8637,1,Bunglow,0,0,43
400250,504,153,5,2,1244,12196,1,Bunglow,0,0,40
207000,425,129,5,2,1850,11325,1,Bunglow,0,0,31
239000,815,248,5,2,1965,22651,1,Bunglow,0,0,59
245000,389,118,5,2,1976,10428,1,Bunglow,0,0,54
280000,348,106,5,2,2000,10607,1,Bunglow,0,0,48
261105,606,184,5,2,2082,10733,1,Bunglow,0,0,35
395000,491,149,5,2,2120,22215,1,Bunglow,0,0,49
467500,450,137,5,2,2240,11325,1,Bunglow,0,1,42
309000,601,199,5,2,2264,5749,1,Bunglow,0,0,56
370000,446,136,5,2,2326,9525,1,Bunglow,0,1,57
230000,508,154,5,2,2400,12632,1,Bunglow,0,0,36
223000,504,153,5,2,2644,12196,1,Bunglow,0,0,31
792000,654,199,5,2,2854,16988,1,Bunglow,0,0,56
269900,430,131,5,2,2868,8703,1,Bunglow,0,0,12
529000,483,147,5,2,3134,27442,1,Bunglow,0,1,32
490000,545,166,5,2,3312,12196,1,Bunglow,0,0,21
258790,600,154,5,2,3821,9582,1,Bunglow,0,0,0
430000,393,120,5,3,1209,13503,1,Bunglow,0,0,38
469500,359,109,5,3,1242,8398,1,Bunglow,0,0,22
477500,575,199,5,3,1365,7422,1,Bunglow,0,1,60
509000,483,147,5,3,1388,13068,1,Bunglow,0,0,42
410000,569,173,5,3,1506,6250,1,Bunglow,0,0,65
500000,450,137,5,3,1506,20037,1,Bunglow,0,0,41
300000,299,85,5,3,1512,10010,0,Bunglow,0,1,42
515000,508,154,5,3,1568,16117,1,Bunglow,0,0,61
295000,655,199,5,3,1601,40510,1,Bunglow,0,0,31
305000,358,92,5,3,1718,8712,1,Bunglow,0,1,37
450000,487,148,5,3,1764,10245,1,Bunglow,0,0,27
200000,410,99,5,3,1792,10275,1,Bunglow,0,1,32
450000,385,117,5,3,1798,1827,1,Condo,0,0,37
272000,363,103,5,3,1800,6229,1,Bunglow,0,0,7
231840,512,156,5,3,1877,14810,1,Bunglow,0,1,56
235000,487,148,5,3,1908,21780,1,Bunglow,0,0,30
450000,520,158,5,3,1948,12632,1,Bunglow,0,0,37
482000,422,128,5,3,1966,11761,1,Bunglow,0,0,41
494000,430,131,5,3,2048,8420,1,Bunglow,0,0,29
445000,391,119,5,3,2089,15681,1,Bunglow,0,0,51
440000,532,162,5,3,2134,6346,1,Bunglow,0,0,24
257000,515,157,5,3,2144,7692,1,Bunglow,0,1,68
279000,489,149,5,3,2249,10815,1,Bunglow,0,0,20
558500,733,223,5,3,2268,17424,1,Bunglow,0,0,31
265000,416,107,5,3,2275,11325,1,Bunglow,0,1,42
543000,655,200,5,3,2282,28749,1,Bunglow,0,0,27
799000,696,212,5,3,2282,21780,1,Bunglow,0,1,33
717900,557,169,5,3,2334,14374,1,Bunglow,0,0,17
368095,396,112,5,3,2346,7901,1,Bunglow,0,1,13
332815,334,94,5,3,2347,3189,1,Bunglow,0,0,0
388000,450,137,5,3,2464,10890,1,Bunglow,0,1,53
778500,532,162,5,3,2530,8955,1,Bunglow,0,0,19
275000,644,196,5,3,2637,15681,1,Bunglow,0,0,25
450000,378,107,5,3,2640,7405,1,Bunglow,0,0,0
336500,762,232,5,3,2700,13503,1,Bunglow,0,0,14
665000,635,193,5,3,2704,10890,1,Bunglow,0,0,24
300000,491,149,5,3,2792,4713,1,Bunglow,0,0,0
578000,655,199,5,3,2810,40075,1,Bunglow,0,1,44
430965,581,177,5,3,2835,11325,1,Bunglow,0,0,0
349900,629,218,5,3,2868,53578,1,Bunglow,0,0,7
279000,598,182,5,3,2876,20037,1,Bunglow,0,0,23
701900,631,192,5,3,2913,21344,1,Bunglow,0,1,47
628000,532,162,5,3,2920,12196,1,Bunglow,0,0,27
440000,504,130,5,3,2944,11325,1,Bunglow,0,0,22
410000,676,206,5,3,2961,12632,1,Bunglow,0,0,40
224950,506,100,5,3,2990,8886,1,Bunglow,0,0,3
524900,489,149,5,3,3022,9557,1,Bunglow,0,0,36
486460,450,137,5,3,3060,29185,1,Bunglow,0,0,47
315000,600,183,5,3,3064,9848,1,Bunglow,0,0,3
257000,626,191,5,3,3100,21780,1,Bunglow,0,0,25
225000,446,136,5,3,3110,9949,1,Bunglow,0,0,0
275000,396,112,5,3,3120,47916,1,Bunglow,0,0,39
387000,533,137,5,3,3132,6098,1,Bunglow,0,0,2
724900,614,187,5,3,3136,14810,1,Bunglow,0,0,51
349000,525,103,5,3,3158,8450,1,Bunglow,0,0,8
520510,495,140,5,3,3247,11325,1,Bunglow,0,0,0
525000,378,107,5,3,3300,7496,1,Bunglow,0,0,7
793260,696,212,5,3,3314,13503,1,Bunglow,0,1,50
465000,572,147,5,3,3337,6098,1,Bunglow,0,0,12
591000,688,209,5,3,3348,15681,1,Bunglow,0,0,21
265000,463,141,5,3,3351,6111,1,Bunglow,0,0,6
517000,439,124,5,3,3379,76665,1,Bunglow,0,0,31
345000,419,118,5,3,3384,58370,1,Bunglow,0,1,6
418000,718,249,5,3,3400,5783,1,Bunglow,0,0,66
238000,758,231,5,3,3400,16988,1,Bunglow,0,0,26
614000,504,153,5,3,3400,8520,1,Bunglow,0,0,16
750000,717,218,5,3,3417,26571,1,Bunglow,0,0,57
710000,724,221,5,3,3421,37897,1,Bunglow,0,1,41
480000,668,172,5,3,3434,6970,1,Bunglow,0,0,4
410000,598,182,5,3,3456,8398,1,Bunglow,0,0,3
335000,390,110,5,3,3544,6638,1,Bunglow,0,0,6
350165,680,207,5,3,3595,5519,1,Bunglow,0,0,0
412500,396,112,5,3,3600,43560,1,Bunglow,0,0,6
600000,568,161,5,3,3602,47480,1,Bunglow,0,0,7
626000,601,155,5,3,3602,5662,1,Bunglow,0,0,18
568000,676,206,5,3,3645,26571,1,Bunglow,0,0,25
575000,614,187,5,3,3668,24829,1,Bunglow,0,0,26
485000,408,115,5,3,3699,10641,1,Bunglow,0,0,6
331605,365,103,5,3,3726,5122,1,Bunglow,0,0,0
575000,598,182,5,3,3738,21780,1,Bunglow,0,0,14
215351,461,112,5,3,3774,12196,1,Bunglow,0,0,0
542199,484,137,5,3,3778,15681,1,Bunglow,0,0,0
267579,431,122,5,3,3790,9239,1,Bunglow,0,0,0
290000,577,148,5,3,3792,6969,1,Bunglow,0,0,1
379862,400,113,5,3,3796,6098,1,Bunglow,0,0,0
620000,671,204,5,3,3810,12632,1,Bunglow,0,1,56
408900,440,125,5,3,3838,10153,1,Bunglow,0,0,2
293159,581,149,5,3,3882,8712,1,Bunglow,0,0,0
225000,453,128,5,3,3890,20037,1,Bunglow,0,0,13
700000,572,162,5,3,3898,20908,1,Bunglow,0,0,18
302839,646,197,5,3,3902,10166,1,Bunglow,0,0,0
265000,639,164,5,3,3939,9147,1,Bunglow,0,0,1
640000,645,166,5,3,3944,12632,1,Bunglow,0,1,14
395000,1004,306,5,3,4000,10502,1,Bunglow,0,0,14
291754,553,142,5,3,4000,11761,1,Bunglow,0,0,0
585000,654,199,5,3,4005,10890,1,Bunglow,0,0,22
790000,654,199,5,3,4047,30927,1,Bunglow,0,0,29
392500,815,248,5,3,4081,22215,1,Bunglow,0,0,41
642500,601,155,5,3,4082,7405,1,Bunglow,0,0,11
670000,561,171,5,3,4092,13068,1,Bunglow,0,0,18
650000,697,179,5,3,4100,7840,1,Bunglow,0,0,14
326795,713,217,5,3,4167,17424,1,Bunglow,0,0,0
427585,413,117,5,3,4223,10319,1,Bunglow,0,0,0
543657,654,168,5,3,4293,6969,1,Bunglow,0,1,0
612080,549,167,5,3,4300,14810,1,Bunglow,0,0,21
588703,489,138,5,3,4301,43995,1,Bunglow,0,0,0
373500,427,121,5,3,4350,10001,1,Bunglow,0,1,18
571600,1049,320,5,3,4368,231303,1,Bunglow,0,0,2
590000,598,154,5,3,4399,8712,1,Bunglow,0,1,14
714000,630,192,5,3,4461,16988,1,Bunglow,0,1,43
524048,582,150,5,3,4466,7405,1,Bunglow,0,1,4
560000,481,117,5,3,4485,16117,1,Bunglow,0,0,17
242940,606,156,5,3,4489,12196,1,Bunglow,0,0,0
443000,453,128,5,3,4490,6168,1,Bunglow,0,0,0
500000,484,137,5,3,4516,11325,1,Bunglow,0,0,7
800000,1090,362,5,3,4518,10328,1,Bunglow,0,0,24
730000,659,201,5,3,4581,13939,1,Bunglow,0,0,18
280000,489,138,5,3,4602,44431,1,Bunglow,0,0,0
715000,650,167,5,3,4603,8276,1,Bunglow,0,0,3
715000,655,199,5,3,4630,15245,1,Bunglow,0,0,39
650000,594,168,5,3,4684,82328,1,Bunglow,0,1,19
290875,582,149,5,3,4686,6969,1,Bunglow,0,0,0
549000,679,174,5,3,4739,23958,1,Bunglow,0,0,12
780000,637,194,5,3,4771,15245,1,Bunglow,0,1,25
480496,533,137,5,3,4873,16988,1,Bunglow,0,1,0
429625,492,139,5,3,4884,13939,1,Bunglow,0,0,0
460000,572,162,5,3,4900,46173,1,Bunglow,0,0,11
378500,729,222,5,3,4900,26136,1,Bunglow,0,0,0
399126,502,142,5,3,4908,13939,1,Bunglow,0,1,11
565962,467,132,5,3,4910,17859,1,Bunglow,0,1,0
370000,643,196,5,3,4954,9008,1,Bunglow,0,0,1
615000,736,224,5,3,5018,9583,1,Bunglow,0,0,12
484395,528,149,5,3,5050,10637,1,Bunglow,0,0,0
700000,559,158,5,3,5300,20037,1,Bunglow,0,0,9
786175,635,193,5,3,5493,10798,1,Bunglow,0,0,0
550000,897,231,5,3,7216,141134,1,Bunglow,0,0,4
355000,1210,420,5,4,1544,8224,1,Bunglow,0,0,49
700000,1416,412,5,4,1847,10001,1,Bunglow,0,0,110
630000,614,187,5,4,1915,10820,1,Bunglow,0,1,49
405600,339,96,5,4,1916,3707,1,Bunglow,0,0,7
720000,623,189,5,4,2114,15245,1,Bunglow,0,0,61
597100,541,165,5,4,2162,10128,1,Bunglow,0,0,35
367000,285,81,5,4,2302,5846,1,Bunglow,0,0,13
480000,564,172,5,4,2379,24829,1,Bunglow,0,1,31
635000,564,172,5,4,2700,5624,1,Bunglow,0,0,72
590000,564,172,5,4,2743,23958,1,Bunglow,0,1,64
385000,386,109,5,4,2821,10101,1,Bunglow,0,1,5
499000,936,325,5,4,3000,9796,1,Bunglow,0,0,77
660000,1061,323,5,4,3044,20037,1,Bunglow,0,0,16
703000,639,194,5,4,3046,20037,1,Bunglow,0,1,49
265000,524,159,5,4,3060,12632,1,Bunglow,0,0,16
465000,608,119,5,4,3060,8886,1,Bunglow,0,0,4
782000,786,239,5,4,3144,28314,1,Bunglow,0,0,7
630765,383,108,5,4,3172,10890,1,Bunglow,0,0,1
620375,396,112,5,4,3185,4721,1,Bunglow,0,0,1
292000,594,181,5,4,3244,33105,1,Bunglow,0,0,37
550000,548,167,5,4,3250,4181,1,Bunglow,0,0,2
550000,532,162,5,4,3256,4791,1,Bunglow,0,0,0
700000,696,212,5,4,3320,10826,1,Bunglow,0,0,52
498900,729,222,5,4,3366,23522,1,Bunglow,0,1,74
502000,1053,321,5,4,3380,23958,1,Bunglow,0,0,16
653888,1228,374,5,4,3500,10890,1,Bunglow,0,0,47
680000,655,199,5,4,3525,41817,1,Bunglow,0,1,35
525000,495,151,5,4,3560,6664,1,Bunglow,0,1,1
655000,1007,349,5,4,3587,5754,1,Bunglow,0,0,77
715000,646,197,5,4,3705,6973,1,Bunglow,0,0,10
335450,659,201,5,4,3732,6642,1,Bunglow,0,0,0
639900,516,157,5,4,3766,14374,1,Bunglow,0,1,24
789000,809,208,5,4,3809,8276,1,Bunglow,0,0,20
300000,614,187,5,4,3959,12196,1,Bunglow,0,1,38
602504,550,156,5,4,3965,7954,1,Bunglow,0,0,0
401403,582,149,5,4,3967,8276,1,Bunglow,0,0,0
770000,711,217,5,4,3984,18295,1,Bunglow,0,0,1
360000,409,116,5,4,3992,10454,1,Bunglow,0,1,6
468309,533,137,5,4,4026,27442,1,Bunglow,0,1,0
483140,615,158,5,4,4057,13503,1,Bunglow,0,0,0
495000,860,262,5,4,4129,87120,1,Bunglow,0,0,17
615000,646,197,5,4,4153,8071,1,Bunglow,0,0,3
350300,502,142,5,4,4194,19166,1,Bunglow,0,0,1
497415,598,182,5,4,4211,8524,1,Bunglow,0,0,0
475000,1057,322,5,4,4214,87120,1,Bunglow,0,0,23
433000,433,155,5,4,4235,58370,1,Bunglow,0,1,12
399000,696,212,5,4,4240,10632,1,Bunglow,0,0,5
404000,665,131,5,4,4254,11761,1,Bunglow,0,1,17
400000,501,142,5,4,4351,26571,1,Bunglow,0,1,15
681000,679,174,5,4,4362,13068,1,Bunglow,0,0,15
433680,500,122,5,4,4389,8925,1,Bunglow,0,1,1
270774,671,132,5,4,4394,12632,1,Bunglow,0,0,0
280000,676,206,5,4,4400,26571,1,Bunglow,0,0,21
680000,1065,324,5,4,4424,40075,1,Bunglow,0,0,47
550000,983,300,5,4,4440,54885,1,Bunglow,0,0,35
528000,483,137,5,4,4444,10890,1,Bunglow,0,1,0
492200,431,122,5,4,4448,10018,1,Bunglow,0,0,3
421770,737,224,5,4,4520,5544,1,Bunglow,0,0,0
749990,721,219,5,4,4563,9456,1,Bunglow,0,1,1
670000,819,249,5,4,4607,8376,1,Bunglow,0,0,5
463003,713,217,5,4,4659,36154,1,Bunglow,0,0,0
617000,646,197,5,4,4672,20037,1,Bunglow,0,1,24
352790,672,205,5,4,4700,7649,1,Bunglow,0,0,0
329000,614,187,5,4,4720,10890,1,Bunglow,0,0,11
689900,590,180,5,4,4729,5131,1,Bunglow,0,0,3
471200,484,137,5,4,4786,10027,1,Bunglow,0,0,10
675000,899,312,5,4,4792,7335,1,Bunglow,0,0,78
714000,675,174,5,4,4792,10454,1,Bunglow,0,0,7
692914,655,199,5,4,4872,8433,1,Bunglow,0,1,11
575000,675,206,5,4,4902,20908,1,Bunglow,0,0,3
490746,506,143,5,4,4944,43560,1,Bunglow,0,0,0
690550,979,298,5,4,5000,30056,1,Bunglow,0,0,13
639283,480,136,5,4,5018,7514,1,Bunglow,0,0,0
500369,914,278,5,4,5024,27442,1,Bunglow,0,0,0
708000,1223,424,5,4,5035,16552,1,Bunglow,0,0,64
526104,598,169,5,4,5061,83635,1,Bunglow,0,0,0
508000,582,149,5,4,5077,16552,1,Bunglow,0,1,0
644900,668,172,5,4,5107,13939,1,Bunglow,0,0,4
735000,669,172,5,4,5142,8712,1,Bunglow,0,0,9
745000,678,192,5,4,5149,435600,1,Bunglow,0,1,12
670542,608,172,5,4,5244,7705,1,Bunglow,0,1,0
575000,644,166,5,4,5249,8276,1,Bunglow,0,1,12
751677,1024,312,5,4,5260,37026,1,Bunglow,0,0,0
640000,1220,423,5,4,5300,7975,1,Bunglow,0,1,60
427950,758,231,5,4,5354,11761,1,Bunglow,0,0,0
692353,881,268,5,4,5365,37897,1,Bunglow,0,0,0
655600,1049,319,5,4,5370,41817,1,Bunglow,0,1,24
750000,819,249,5,4,5480,10502,1,Bunglow,0,0,10
444788,892,272,5,4,5600,33541,1,Bunglow,0,0,2
649415,766,197,5,4,5708,18295,1,Bunglow,0,1,1
438000,769,234,5,4,5742,36154,1,Bunglow,0,0,0
650000,727,187,5,4,5809,30056,1,Bunglow,0,0,2
575000,668,189,5,4,5933,436035,1,Bunglow,0,1,7
709233,771,198,5,4,5950,15245,1,Bunglow,0,0,0
760825,920,237,5,4,5956,24393,1,Bunglow,0,0,1
507175,742,191,5,4,6000,14810,1,Bunglow,0,0,1
751000,1292,448,5,4,6025,10024,1,Bunglow,0,0,64
690000,1310,399,5,4,6096,217800,1,Bunglow,0,0,1
649900,881,268,5,4,6127,126324,1,Bunglow,0,0,8
750000,704,199,5,4,6243,435600,1,Bunglow,0,1,6
785000,1433,437,5,4,6464,13939,1,Bunglow,0,0,0
279875,1509,523,5,4,6468,10890,1,Bunglow,0,0,43
698733,1053,321,5,4,6518,75358,1,Bunglow,0,0,0
629513,790,203,5,4,6584,175111,1,Bunglow,0,0,0
660743,1065,324,5,4,6662,25264,1,Bunglow,0,0,0
700000,700,198,5,4,6946,13068,1,Bunglow,0,0,8
765000,824,212,5,4,7001,27007,1,Bunglow,0,0,4
535000,1209,368,5,5,1365,10010,1,Bunglow,0,0,64
439000,737,224,5,5,3320,16117,1,Bunglow,0,1,66
488085,550,156,5,5,3696,16988,1,Bunglow,0,0,0
706095,614,187,5,5,3720,10606,1,Bunglow,0,0,0
215000,696,212,5,5,4053,11325,1,Bunglow,0,0,38
700000,660,187,5,5,4189,351529,1,Bunglow,0,1,4
460000,1127,343,5,5,4313,20037,1,Bunglow,0,0,35
800000,799,243,5,5,4600,21780,1,Bunglow,0,1,46
798000,938,286,5,5,4632,8712,1,Bunglow,0,1,7
755000,936,325,5,5,4658,20473,1,Bunglow,0,0,34
350000,963,293,5,5,5000,13503,1,Bunglow,0,0,51
535000,506,143,5,5,5262,10454,1,Bunglow,0,1,11
771760,506,143,5,5,5270,11761,1,Bunglow,0,0,0
720000,1024,312,5,5,5368,40946,1,Bunglow,0,0,3
600000,1141,396,5,5,5410,6777,1,Bunglow,0,0,63
590000,1295,395,5,5,5621,10890,1,Bunglow,0,0,44
576475,897,273,5,5,5810,8777,1,Bunglow,0,0,0
665500,1256,436,5,5,6133,10001,1,Bunglow,0,0,64
743500,1127,343,5,5,6357,76665,1,Bunglow,0,0,9
535000,1106,337,5,5,6438,20473,1,Bunglow,0,1,63
765000,868,223,5,5,6508,47044,1,Bunglow,0,0,2
691331,860,262,5,5,6966,62290,1,Bunglow,0,0,0
569000,1024,312,5,5,7165,43995,1,Bunglow,0,0,3
235000,1061,323,5,5,7594,36154,1,Bunglow,0,0,0
760000,881,249,5,5,7842,436035,1,Bunglow,0,0,5
690000,1553,473,5,6,6501,23086,1,Bunglow,0,0,59
600000,942,287,5,6,7064,217800,1,Bunglow,0,0,4
759900,803,245,5,6,7500,8886,1,Bunglow,0,0,3
735000,1459,444,5,6,7515,10497,1,Bunglow,0,0,57